20
40
60
80
100
120
140
160
180
200
220
240
260
280
300
320
340
360
380
400
420
440
460
480
500
520
540
560
580
600
620
640
660
680
700
720
740
760
780
800
820
840
860
880
900
920
940
960
980
1000
1020
1040
1060
1080
1100
1120
1140
1160
1180
1200
1220
1240
1260
1280
1300
1320
1340
1360
1380
1400
1420
1440
1460
1480
1500
1520
1540
1560
1580
1600
1620
1640
1660
1680
1700
1720
1740
1760
1780
1800
1920
1940
1960
1980
2000
2020
2040
2060
2080
2100
2120
2140
2140
2160
2180
2200
2220
2240
2260
2280
2300
2320
2340
2360
2380
2400
2420
2440
2460
2480
2500
2520
2540
2560
2580
2600
2620
2640
2660
2680
2700
2720
2740
2760
2780
2800
2820
2840
2860
2880
2900
2920
2940
2960
2980
3000
3020
3040
3060
3080
3100
3120
3140
3160
3180
3200
3220
3240
3260
3280
3300
3320
3340
3360
3380
3400
3420
3440
3460
3480
3500
3520
3540
3560
3580
3600
3620
3640
3660
3680
3700
3700
3720
3720
3740
3740
3760
3780
3800
3820
3820
3840
3860
3860
3880
3880
3900
3900
3920
3940
3960
3980
4000
4020
4040
4060
4060
4080
4080
4100
4120
4140
4140
4160
4160
4180
4200
4220
4220
4240
4260
4280
4300
4320
4340
4380
4380
4400
4400
4420
4420
4440
4440
4440
4460
4500
4520
4520
4540
4540
4540
4560
4560
4580
4580
4600
4600
4600
4620
4620
4620
4620
4640
4640
4640
4660
4680
4680
4680
4700
4700
4700
4720
4720
4720
4720
4740
4740
4760
4780
4800
4800
4820
4840
4840
4860
4860
4860
4880
4880
4900
4900
4900
4900
4920
4920
4920
4940
4940
4960
4960
4980
4980
5000
5000
5000
5000
5000
5000
5020
5020
5020
5020
5040
5040
5060
5060
5080
5080
5100
5120
5120
5120
5140
5140
5140
5160
5160
5160
5180
5180
5200
5200
5220
5220
5220
5240
5240
5260
5260
5260
5280
5300
5320
5320
5340
5340
5340
5360
5380
5380
5380
5380
5380
5400
5400
5420
5420
5420
5420
5440
5440
5460
5460
5460
5480
5480
5480
5480
5480
5500
5500
5500
5500
5500
5520
5520
5520
5540
5540
5540
5560
5560
5560
5560
5580
5580
5600
5600
5600
5620
5620
5640
5640
5660
5660
5660
5660
5680
5680
5680
5700
5720
5740
5740
5740
5760
5760
5780
5780
5780
5800
5800
5820
5840
5860
5860
5880
5880
5880
5880
5900
5900
5900
5900
5920
5920
5940
5960
5960
5960
5960
5960
5980
5980
6000
6000
6000
6000
6000
6020
6020
6040
6080
6100
6120
6140
6140
6160
6160
6160
6160
6180
6180
6200
6200
6200
6220
6220
6240
6240
6240
6260
6260
6260
6280
6280
6300
6300
6300
6320
6320
6320
6340
6340
6340
6340
6340
6360
6360
6380
6380
6380
6400
6400
6420
6420
6420
6440
6440
6460
6460
6460
6460
6480
6480
6480
6500
6500
6520
6520
6540
6540
6560
6580
6580
6600
6600
6600
6600
6600
6600
6620
6620
6620
6640
6640
6640
6640
6660
6660
6680
6680
6700
6700
6740
6760
6760
6780
6780
6780
6780
6780
6800
6800
6800
6820
6820
6820
6840
6840
6840
6840
6860
6860
6860
6860
6860
6860
6880
6880
6880
6880
6880
6900
6900
6900
6900
6900
6920
6920
6920
6920
6920
6920
6920
6940
6940
6940
6940
6960
6960
6960
6960
6960
6980
6980
6980
6980
6980
6980
7000
7000
7000
7000
7020
7020
7020
7020
7020
7020
7020
7040
7040
7040
7040
7060
7060
7060
7060
7080
7080
7100
7100
7100
7100
7100
7100
7120
7120
7120
7120
7140
7140
7160
7160
7160
7160
7180
7200
7200
7200
7220
7240
7260
7260
7260
7260
7260
7280
7280
7300
7320
7320
7340
7340
7340
7340
7360
7360
7360
7380
7380
7380
7400
7400
7400
7400
7420
7420
7440
7440
7460
7460
7480
7480
7520
7520
7520
7520
7540
7540
7540
7560
7560
7560
7580
7600
7620
7620
7620
7660
7660
7660
7660
7660
7660
7680
7680
7680
7700
7700
7720
7720
7720
7720
7740
7740
7740
7740
7760
7760
7780
7780
7780
7800
7800
7800
7800
7820
7820
7820
7820
7820
7840
7840
7860
7860
7880
7880
7900
7900
7920
7940
7940
7940
7940
7940
7960
7960
7960
7980
7980
7980
8000
8020
8020
8040
8040
8040
8040
8060
8060
8080
8080
8100
8100
8100
8120
8140
8140
8140
8160
8160
8160
8160
8180
8180
8180
8180
8200
8200
8220
8220
8220
8240
8240
8240
8240
8240
8260
8260
8260
8280
8280
8280
8300
8320
8320
8340
8340
8340
8360
8360
8380
8400
8400
8420
8420
8440
8460
8460
8480
8480
8480
8500
8500
8500
8500
8520
8540
8540
8540
8540
8540
8560
8560
8580
8580
8580
8580
8600
8600
8600
8620
8620
8620
8640
8640
8660
8660
8660
8660
8660
8680
8680
8680
8680
8680
8680
8700
8700
8720
8720
8720
8720
8720
8740
8740
8740
8760
8760
8760
8760
8780
8780
8780
8780
8800
8800
8800
8800
8800
8800
8820
8820
8820
8820
8820
8820
8840
8840
8840
8840
8840
8840
8840
8860
8860
8860
8860
8860
8860
8860
8860
8880
8880
8880
8880
8880
8900
8900
8900
8920
8920
8920
8940
8960
8960
8960
8980
8980
8980
9000
9000
9000
9020
9020
9020
9020
9040
9040
9040
9040
9060
9060
9080
9080
9080
9100
9100
9120
9120
9140
9140
9140
9160
9180
9180
9200
9200
9200
9200
9220
9220
9220
9220
9220
9240
9240
9240
9260
9260
9260
9280
9280
9300
9300
9300
9300
9320
9340
9360
9360
9380
9400
9400
9400
9420
9420
9440
9440
9460
9460
9460
9480
9540
9540
9640
9660
9660
9660
9680
9680
9700
9700
9720
9720
9740
9780
9780
9800
9800
9820
9840
9860
9860
9880
9900
9920
9940
9960
9980
10040
10060
10060
10080
10080
10100
10100
10100
10120
10120
10140
10140
10140
10160
10160
10160
10180
10200
10200
10220
10220
10240
10240
10240
10260
10260
10260
10280
10300
10320
10340
10340
10360
10360
10520
10520
10520
10540
10540
10540
10540
10560
10580
10580
10600
10760
10820
10860
10880
11040
11060
11120
11160
11180
11180
11200
11200
11260
11320
11340
11340
11360
11380
11400
11400
11440
11460
11480
11500
11520
11560
11560
11580
11600
11680
11700
11720
11740
11820
11880
11900
11900
11900
11900
11900
11900
11900
11900
11900
11900
11900
11900
11900
11920
11920
11920
11920
11920
11920
11920
11940
11940
11940
11940
11940
11940
11940
11940
11960
11960
11960
11960
11980
11980
11980
11980
12000
12000
12000
12000
12000
12000
12020
12020
12020
12020
12020
12020
12020
12040
12040
12040
12040
12040
12040
12040
12100
12120
12120
12120
12160
12300
12340
12340
12360
12440
12440
12640
12660
12680
12700
12720
12740
12880
12900
12920
12940
12960
12980
13020
13060
13080
13140
13320
13340
13360
13380
13380
13420
13440
13460
13480
13480
13500
13520
13540
13540
13540
13540
13560
13580
13580
13580
13580
13600
13600
13600
13600
13640
13640
13640
13640
13640
13640
13640
13680
13680
13680
13680
13700
13700
13720
13720
13740
13740
13760
13760
13760
13760
13780
13780
13780
13780
13780
13780
13780
13780
13780
13780
13780
13800
13800
13800
13800
13800
13800
13820
13820
13820
13820
13820
13820
13840
13860
13860
13860
13860
13860
13880
13880
13880
13880
13900
13900
13900
13900
13920
13920
13920
13920
13920
13940
13940
13940
13960
13960
13960
13980
13980
14000
14000
14000
14000
14020
14020
14020
14020
14040
14040
14040
14040
14060
14060
14060
14080
14080
14080
14080
14080
14080
14080
14080
14100
14100
14100
14100
14100
14100
14100
14100
14120
14120
14120
14140
14140
14140
14160
14160
14160
14160
14160
14160
14160
14160
14180
14180
14180
14200
14200
14200
14200
14200
14200
14200
14200
14200
14200
14200
14220
14220
14220
14220
14220
14220
14220
14220
14220
14220
14240
14240
14240
14240
14240
14240
14240
14260
14260
14260
14260
14260
14260
14260
14260
14280
14280
14280
14280
14280
14280
14300
14300
14300
14300
14300
14300
14300
14300
14300
14320
14320
14320
14320
14320
14320
14340
14340
14340
14340
14340
14360
14360
14360
14360
14360
14360
14380
14380
14380
14380
14380
14400
14400
14400
14400
14400
14420
14420
14420
14420
14420
14420
14420
14420
14440
14440
14440
14440
14440
14460
14460
14460
14460
14480
14480
14480
14480
14480
14480
14480
14480
14500
14500
14500
14500
14500
14500
14500
14520
14520
14520
14520
14520
14520
14520
14520
14540
14540
14540
14560
14560
14560
14560
14580
14580
14580
14580
14580
14580
14580
14600
14600
14600
14600
14600
14600
14600
14600
14600
14600
14620
14620
14620
14620
14620
14620
14620
14640
14640
14640
14640
14640
14640
14660
14660
14660
14660
14660
14660
14660
14660
14660
14680
14680
14680
14680
14680
14680
14680
14700
14700
14700
14700
14700
14700
14700
14720
14720
14720
14720
14720
14720
14720
14720
14740
14740
14740
14740
14760
14760
14760
14760
14760
14780
14780
14780
14780
14780
14780
14800
14800
14800
14820
14820
14840
14840
14840
14860
14860
14860
14880
14900
14900
14900
14900
14920
14920
14920
14920
14920
14920
14920
14920
14940
14960
14960
14980
14980
15000
15040
15060
15080
15080
15100
15100
15120
15160
15160
15160
15180
15180
15180
15180
15180
15200
15200
15220
15220
15240
15240
15260
15260
15260
15260
15260
15280
15280
15280
15300
15300
15300
15300
15320
15320
15340
15340
15340
15340
15360
15360
15360
15380
15400
15400
15400
15420
15420
15440
15460
15460
15460
15460
15480
15480
15500
15500
15520
15520
15520
15540
15540
15560
15580
15600
15600
15620
15640
15640
15640
15660
15700
15700
15720
15720
15720
15720
15720
15740
15740
15740
15740
15760
15760
15780
15780
15800
15800
15800
15800
15820
15820
15820
15820
15840
15840
15840
15840
15840
15860
15860
15880
15880
15900
15900
15900
15920
15920
15920
15940
15960
15980
15980
16000
16000
16000
16020
16020
16040
16040
16060
16060
16060
16080
16080
16080
16080
16100
16100
16120
16140
16140
16140
16160
16160
16180
16180
16180
16200
16200
16200
16200
16220
16220
16240
16240
16260
16260
16280
16280
16300
16300
16320
16320
16340
16360
16380
16380
16400
16420
16440
16460
16480
16500
16520
16540
16560
16560
16560
16580
16580
16600
16620
16620
16640
16640
16660
16660
16680
16700
16720
16760
16760
16780
16920
16940
16980
17080
17180
17240
17300
17360
17460
17600
17620
17640
17640
17660
17660
17680
17720
17760
17780
17800
17840
17900
17940
17960
17980
18000
18020
18040
18080
18260
18300
18300
18340
18380
18400
18400
18400
18420
18420
18440
18440
18440
18460
18460
18460
18460
18460
18480
18480
18480
18480
18480
18500
18500
18500
18520
18520
18540
18540
18560
18580
18580
18600
18620
18640
18660
18680
18720
18760
18780
18780
18800
18820
18820
18820
18840
18880
18900
18900
18920
18920
18920
18940
18940
18940
18960
18960
18960
18960
18980
18980
18980
18980
18980
19000
19000
19000
19000
19020
19020
19020
19040
19040
19040
19040
19040
19060
19060
19060
19060
19060
19080
19080
19100
19100
19100
19100
19120
19120
19120
19120
19120
19120
19140
19140
19140
19140
19140
19140
19140
19160
19160
19160
19160
19160
19160
19160
19180
19180
19180
19180
19180
19180
19180
19200
19200
19200
19200
19200
19200
19220
19220
19220
19220
19220
19220
19240
19240
19240
19240
19240
19240
19240
19260
19260
19260
19260
19260
19260
19260
19260
19260
19280
19280
19280
19280
19300
19300
19300
19320
19320
19320
19320
19320
19340
19340
19340
19340
19340
19360
19360
19360
19380
19380
19380
19380
19380
19400
19400
19400
19400
19400
19420
19420
19420
19420
19420
19420
19440
19440
19440
19440
19440
19460
19460
19460
19460
19460
19460
19480
19480
19480
19480
19480
19500
19500
19500
19500
19500
19500
19500
19500
19520
19520
19520
19520
19520
19540
19540
19540
19540
19540
19540
19540
19540
19540
19560
19560
19560
19560
19560
19560
19560
19560
19580
19580
19580
19600
19600
19620
19620
19620
19620
19640
19680
19700
19720
19720
19740
19740
19740
19760
19760
19760
19780
19800
19800
19800
19800
19800
19820
19820
19820
19840
19840
19840
19840
19860
19860
19860
19860
19860
19880
19880
19880
19880
19880
19880
19900
19900
19900
19900
19900
19900
19900
19920
19920
19920
19940
19940
19940
19940
19940
19940
19940
19940
19960
19960
19960
19980
19980
19980
19980
19980
20000
20000
20000
20000
20000
20000
20000
20020
20020
20020
20020
20040
20040
20040
20040
20040
20040
20040
20040
20040
20060
20060
20060
20060
20060
20060
20060
20060
20080
20080
20080
20080
20080
20080
20080
20080
20100
20100
20100
20100
20100
20120
20120
20120
20120
20120
20120
20140
20140
20140
20140
20140
20140
20140
20140
20160
20160
20160
20160
20160
20160
20160
20160
20160
20160
20160
20180
20180
20180
20180
20180
20180
20180
20180
20200
20200
20200
20200
20200
20200
20200
20200
20200
20220
20220
20220
20220
20220
20220
20220
20220
20220
20220
20220
20220
20220
20240
20240
20240
20240
20240
20240
20240
20240
20240
20240
20240
20240
20240
20260
20260
20260
20260
20260
20260
20260
20260
20260
20260
20280
20280
20280
20280
20280
20280
20280
20280
20280
20280
20300
20300
20300
20300
20300
20300
20300
20300
20300
20300
20320
20320
20320
20320
20320
20320
20320
20320
20340
20340
20340
20340
20340
20340
20340
20340
20340
20340
20360
20360
20360
20360
20360
20360
20360
20360
20380
20380
20380
20380
20380
20380
20380
20380
20380
20400
20400
20400
20400
20400
20400
20400
20400
20400
20400
20400
20400
20400
20420
20420
20420
20420
20420
20420
20420
20420
20440
20440
20440
20440
20440
20440
20440
20440
20440
20440
20460
20460
20460
20460
20460
20460
20460
20460
20460
20460
20480
20480
20480
20480
20480
20480
20480
20480
20480
20480
20480
20480
20480
20480
20500
20500
20500
20500
20500
20500
20500
20500
20500
20500
20500
20500
20500
20500
20500
20520
20520
20520
20520
20520
20520
20520
20520
20520
20520
20520
20520
20520
20540
20540
20540
20540
20540
20540
20540
20540
20540
20540
20540
20540
20540
20560
20560
20560
20560
20560
20560
20560
20560
20560
20560
20560
20560
20560
20560
20560
20580
20580
20580
20580
20580
20580
20580
20580
20580
20600
20600
20600
20600
20600
20600
20600
20600
20600
20600
20620
20620
20620
20620
20620
20640
20640
20640
20640
20640
20640
20640
20660
20660
20660
20660
20660
20660
20660
20660
20660
20680
20680
20680
20680
20680
20680
20680
20680
20680
20680
20700
20700
20700
20700
20700
20700
20720
20720
20720
20720
20720
20720
20720
20720
20720
20740
20740
20740
20740
20740
20740
20740
20740
20740
20740
20740
20740
20740
20740
20740
20760
20760
20760
20760
20760
20760
20760
20760
20780
20780
20780
20780
20780
20780
20780
20780
20780
20780
20780
20780
20800
20800
20800
20800
20800
20800
20800
20800
20800
20800
20800
20800
20800
20800
20800
20820
20820
20820
20820
20820
20820
20820
20820
20820
20820
20820
20840
20840
20840
20840
20840
20840
20840
20840
20840
20840
20840
20840
20840
20860
20860
20860
20860
20860
20860
20860
20860
20880
20880
20880
20880
20880
20880
20880
20880
20880
20900
20900
20900
20900
20900
20900
20900
20900
20920
20920
20920
20920
20920
20920
20920
20920
20920
20920
20920
20920
20940
20940
20940
20940
20940
20940
20940
20940
20940
20940
20940
20940
20940
20940
20960
20960
20960
20960
20960
20960
20960
20960
20960
20960
20960
20960
20980
20980
20980
20980
20980
20980
20980
20980
20980
20980
20980
20980
21000
21000
21000
21000
21000
21000
21000
21000
21000
21000
21000
21000
21000
21020
21020
21020
21020
21020
21020
21020
21020
21020
21020
21040
21040
21040
21040
21040
21040
21040
21040
21040
21040
21040
21040
21060
21060
21060
21060
21060
21060
21060
21060
21060
21060
21080
21080
21080
21080
21080
21080
21080
21080
21080
21100
21100
21100
21100
21100
21100
21100
21100
21100
21100
21100
21100
21100
21120
21120
21120
21120
21120
21120
21120
21120
21120
21120
21120
21120
21120
21140
21140
21140
21140
21140
21140
21140
21140
21140
21140
21140
21160
21160
21160
21160
21160
21160
21160
21180
21180
21180
21180
21180
21180
21180
21180
21180
21180
21180
21180
21180
21180
21180
21200
21200
21200
21200
21200
21200
21200
21200
21220
21220
21220
21220
21220
21220
21220
21220
21220
21220
21220
21220
21220
21220
21240
21240
21240
21240
21240
21240
21240
21240
21240
21240
21240
21240
21240
21260
21260
21260
21260
21260
21260
21260
21260
21260
21260
21280
21280
21280
21280
21280
21280
21280
21280
21280
21280
21280
21300
21300
21300
21300
21300
21300
21300
21300
21300
21300
21300
21300
21300
21300
21320
21320
21320
21320
21320
21320
21320
21320
21320
21340
21340
21340
21340
21340
21340
21340
21340
21340
21340
21340
21360
21360
21360
21360
21360
21360
21360
21360
21380
21380
21380
21380
21380
21380
21380
21380
21380
21380
21400
21400
21400
21400
21400
21400
21400
21400
21400
21400
21400
21420
21420
21420
21420
21420
21420
21420
21420
21420
21440
21440
21440
21440
21440
21440
21440
21440
21440
21440
21460
21460
21460
21460
21460
21460
21460
21460
21460
21460
21460
21460
21480
21480
21480
21480
21480
21480
21480
21480
21500
21500
21500
21500
21500
21500
21500
21520
21520
21520
21520
21520
21520
21520
21520
21540
21540
21540
21540
21540
21540
21540
21540
21540
21540
21540
21540
21560
21560
21560
21560
21560
21560
21560
21560
21580
21580
21580
21580
21580
21580
21580
21580
21580
21600
21600
21600
21600
21600
21600
21600
21600
21600
21600
21600
21600
21600
21620
21620
21620
21620
21620
21620
21620
21620
21620
21620
21620
21620
21620
21640
21640
21640
21640
21640
21640
21640
21640
21640
21640
21640
21660
21660
21660
21660
21660
21660
21660
21660
21660
21660
21680
21680
21680
21680
21680
21680
21680
21680
21680
21680
21700
21700
21700
21700
21700
21700
21700
21720
21720
21720
21720
21720
21720
21720
21720
21720
21720
21720
21740
21740
21740
21740
21740
21740
21740
21740
21740
21740
21740
21740
21740
21740
21740
21760
21760
21760
21760
21760
21760
21760
21760
21760
21760
21760
21780
21780
21780
21780
21780
21780
21780
21780
21780
21780
21780
21780
21780
21800
21800
21800
21800
21800
21800
21800
21800
21800
21800
21800
21800
21820
21820
21820
21820
21820
21820
21820
21820
21820
21820
21820
21820
21840
21840
21840
21840
21840
21840
21840
21840
21840
21840
21840
21840
21860
21860
21860
21860
21860
21860
21860
21860
21880
21880
21880
21880
21880
21880
21880
21880
21880
21880
21880
21880
21900
21900
21900
21900
21900
21900
21900
21900
21900
21900
21900
21900
21920
21920
21920
21920
21920
21920
21920
21920
21920
21940
21940
21940
21940
21940
21940
21940
21960
21960
21960
21960
21960
21960
21960
21960
21960
21980
21980
21980
21980
21980
21980
21980
21980
21980
21980
22000
22000
22000
22000
22000
22000
22000
22000
22000
22020
22020
22020
22020
22020
22020
22020
22020
22020
22040
22040
22040
22040
22040
22040
22040
22040
22040
22040
22040
22060
22060
22060
22060
22060
22060
22060
22060
22060
22060
22080
22080
22080
22080
22080
22080
22080
22080
22080
22100
22100
22100
22100
22100
22100
22100
22100
22100
22120
22120
22120
22120
22120
22120
22120
22140
22140
22140
22140
22140
22140
22140
22140
22140
22140
22160
22160
22160
22160
22160
22160
22160
22160
22160
22160
22160
22160
22180
22180
22180
22180
22180
22180
22180
22180
22180
22180
22180
22200
22200
22200
22200
22200
22200
22200
22200
22200
22200
22220
22220
22220
22220
22220
22220
22220
22220
22220
22220
22240
22240
22240
22240
22240
22240
22240
22240
22240
22260
22260
22260
22260
22260
22260
22260
22260
22260
22260
22260
22260
22260
22260
22280
22280
22280
22280
22280
22280
22280
22280
22280
22300
22300
22300
22300
22300
22300
22300
22300
22320
22320
22320
22320
22320
22320
22320
22320
22320
22320
22340
22340
22340
22340
22340
22340
22360
22360
22360
22360
22360
22360
22360
22360
22360
22360
22360
22360
22380
22380
22380
22380
22380
22380
22380
22380
22380
22400
22400
22400
22400
22400
22420
22420
22420
22420
22420
22440
22440
22440
22440
22440
22440
22440
22440
22440
22440
22460
22460
22460
22460
22460
22460
22460
22480
22480
22480
22480
22480
22480
22500
22500
22500
22500
22500
22500
22500
22500
22500
22520
22520
22520
22520
22520
22520
22540
22540
22540
22560
22560
22560
22560
22560
22560
22560
22580
22580
22580
22600
22600
22600
22600
22620
22620
22620
22640
22640
22640
22640
22660
22660
22660
22660
22660
22660
22660
22680
22680
22680
22680
22700
22700
22700
22720
22720
22720
22720
22740
22740
22740
22740
22740
22760
22760
22760
22760
22760
22780
22780
22800
22800
22800
22820
22820
22840
22840
22840
22840
22860
22860
22860
22860
22860
22880
22880
22900
22900
22920
22920
22920
22920
22940
22940
22940
22940
22960
22960
22960
22980
22980
23000
23020
23020
23020
23040
23060
23060
23060
23080
23080
23080
23100
23100
23100
23120
23120
23120
23140
23140
23160
23180
23180
23200
23200
23220
23220
23240
23240
23260
23260
23280
23300
23320
23340
23360
23360
23380
23380
23380
23380
23400
23420
23420
23420
23420
23440
23440
23460
23460
23480
23480
23480
23500
23500
23520
23540
23540
23560
23560
23560
23580
23600
23620
23620
23640
23640
23660
23660
23660
23680
23680
23680
23700
23700
23700
23720
23720
23720
23720
23720
23740
23760
23760
23760
23760
23780
23780
23800
23800
23800
23820
23820
23840
23840
23840
23840
23860
23880
23880
23880
23880
23880
23880
23900
23900
23900
23900
23900
23900
23920
23920
23920
23920
23920
23940
23940
23940
23940
23960
23960
23960
23980
23980
23980
23980
24000
24000
24000
24020
24020
24020
24040
24040
24060
24060
24060
24080
24080
24080
24080
24080
24100
24100
24100
24100
24100
24120
24120
24120
24120
24140
24140
24140
24140
24140
24140
24140
24160
24160
24160
24160
24160
24160
24180
24180
24180
24220
24220
24220
24240
24240
24240
24240
24240
24260
24260
24260
24260
24280
24280
24280
24280
24300
24300
24320
24320
24340
24360
24360
24380
24420
24420
24420
24420
24420
24440
24440
24440
24460
24460
24480
24480
24480
24500
24520
24520
24520
24520
24540
24540
24560
24560
24580
24600
24600
24620
24640
24660
24680
24680
24680
24680
24700
24700
24700
24700
24700
24720
24720
24720
24720
24720
24740
24740
24740
24740
24760
24760
24780
24780
24800
24800
24800
24820
24820
24820
24820
24820
24840
24840
24860
24860
24860
24880
24880
24900
24900
24920
24920
24920
24960
24960
24960
24960
24980
24980
24980
25000
25000
25020
25020
25020
25040
25040
25060
25060
25060
25060
25080
25080
25080
25080
25080
25080
25080
25080
25080
25100
25100
25100
25100
25120
25120
25120
25120
25140
25140
25140
25140
25160
25160
25160
25180
25180
25180
25180
25200
25220
25220
25240
25240
25260
25260
25280
25300
25300
25300
25320
25320
25320
25340
25340
25340
25340
25340
25360
25360
25360
25360
25380
25380
25380
25380
25380
25380
25380
25380
25400
25400
25400
25400
25420
25420
25420
25420
25420
25420
25420
25440
25440
25440
25440
25460
25460
25460
25460
25480
25480
25500
25500
25520
25540
25600
25620
25640
25660
25680
25700
25720
25740
25760
25820
25940
26060
26100
26100
26100
26120
26120
26120
26140
26140
26140
26160
26180
26200
26200
26220
26240
26260
26260
26280
26300
26300
26320
26320
26340
26340
26360
26360
26380
26380
26400
26400
26420
26440
26440
26460
26480
26480
26500
26520
26540
26560
26640
26660
26680
26740
26760
26760
26760
26760
26780
26780
26820
26840
26860
26880
26880
26900
26920
26940
26960
26980
26980
27000
27000
27020
27040
27040
27060
27080
27080
27080
27100
27120
27140
27160
27180
27200
27220
27240
27260
27260
27320
27320
27320
27340
27360
27380
27380
27380
27380
27440
27460
27460
27480
27480
27480
27500
27500
27500
27520
27520
27540
27540
27560
27560
27560
27580
27600
27600
27600
27620
27620
27640
27640
27660
27660
27680
27680
27700
27700
27720
27720
27740
27740
27740
27740
27760
27760
27760
27780
27780
27780
27800
27800
27820
27820
27820
27840
27840
27860
27880
27900
27920
27980
28000
28000
28020
28040
28040
28040
28040
28060
28100
28120
28120
28120
28140
28140
28160
28160
28160
28180
28180
28180
28200
28220
28220
28240
28240
28260
28280
28280
28300
28300
28320
28320
28320
28340
28340
28340
28360
28360
28380
28400
28400
28420
28420
28440
28440
28460
28460
28460
28480
28480
28480
28480
28500
28500
28500
28520
28520
28520
28560
28560
28580
28580
28580
28600
28720
28740
28760
28780
28780
28800
28820
28840
28840
28840
28860
28860
28860
28880
28880
28900
28900
28900
28920
28920
28920
28920
28940
28940
28960
28960
28960
28960
28960
28960
28980
28980
28980
28980
28980
29000
29000
29000
29000
29000
29000
29020
29020
29020
29020
29060
29060
29060
29080
29080
29080
29100
29100
29120
29140
29140
29140
29160
29180
29180
29200
29200
29220
29220
29240
29240
29240
29260
29260
29260
29280
29280
29300
29300
29320
29320
29320
29340
29340
29340
29360
29360
29380
29400
29400
29420
29420
29420
29440
29460
29460
29480
29480
29480
29500
29500
29500
29520
29520
29520
29540
29540
29560
29580
29580
29600
29620
29640
29640
29640
29660
29660
29660
29660
29660
29680
29680
29680
29700
29700
29720
29720
29740
29740
29740
29740
29760
29760
29760
29780
29780
29780
29800
29800
29800
29800
29820
29820
29820
29820
29840
29860
29860
29860
29880
29880
29880
29880
29900
29900
29900
29920
29920
29920
29940
29940
29960
29960
29980
29980
30000
30000
30000
30020
30020
30040
30040
30040
30060
30080
30100
30120
30120
30140
30140
30140
30140
30140
30140
30140
30140
30160
30160
30160
30160
30160
30160
30160
30160
30160
30180
30180
30180
30180
30180
30200
30200
30200
30200
30200
30200
30200
30200
30200
30220
30220
30220
30220
30220
30220
30240
30240
30240
30240
30260
30260
30260
30260
30280
30280
30280
30280
30280
30280
30280
30280
30300
30300
30300
30300
30300
30300
30300
30320
30320
30320
30320
30320
30320
30320
30320
30340
30340
30340
30340
30340
30340
30340
30360
30360
30360
30360
30360
30360
30360
30380
30380
30380
30380
30380
30400
30400
30400
30400
30420
30420
30420
30440
30440
30440
30460
30460
30480
30480
30480
30500
30500
30500
30500
30500
30520
30520
30520
30520
30540
30540
30540
30560
30560
30560
30560
30560
30560
30560
30600
30600
30600
30600
30620
30620
30620
30620
30640
30640
30640
30640
30660
30660
30680
30680
30680
30680
30700
30700
30720
30720
30720
30720
30740
30740
30740
30740
30740
30760
30760
30760
30760
30760
30780
30780
30780
30780
30780
30780
30780
30800
30800
30800
30800
30800
30820
30820
30820
30820
30820
30820
30820
30840
30840
30840
30840
30840
30840
30860
30860
30860
30860
30860
30880
30880
30880
30900
30900
30900
30920
30920
30920
30920
30920
30920
30920
30940
30940
30940
30940
30940
30960
30960
30960
30960
30980
30980
30980
30980
30980
30980
31000
31000
31000
31000
31000
31020
31020
31020
31040
31040
31040
31040
31040
31040
31060
31060
31060
31060
31060
31080
31080
31080
31080
31100
31100
31100
31100
31120
31120
31120
31120
31120
31140
31140
31140
31180
31180
31180
31180
31180
31200
31200
31220
31220
31220
31240
31240
31240
31240
31260
31260
31260
31260
31260
31280
31280
31280
31280
31300
31300
31300
31300
31320
31340
31340
31340
31340
31340
31340
31360
31360
31360
31360
31360
31360
31380
31380
31380
31380
31400
31400
31400
31420
31420
31420
31420
31440
31440
31460
31460
31460
31460
31460
31480
31480
31480
31480
31480
31480
31480
31500
31520
31520
31520
31520
31520
31520
31520
31540
31540
31540
31540
31540
31540
31560
31560
31560
31560
31560
31560
31560
31580
31580
31600
31600
31600
31600
31600
31600
31620
31620
31620
31620
31620
31620
31640
31640
31640
31640
31640
31640
31660
31660
31660
31660
31660
31660
31660
31660
31660
31680
31680
31680
31700
31700
31700
31700
31700
31700
31720
31720
31720
31720
31720
31720
31720
31720
31740
31740
31740
31740
31740
31760
31760
31780
31780
31780
31780
31780
31780
31800
31800
31800
31800
31800
31800
31800
31800
31800
31820
31820
31820
31820
31820
31840
31840
31840
31840
31840
31840
31840
31860
31860
31860
31860
31860
31860
31880
31880
31880
31880
31880
31900
31900
31900
31900
31900
31920
31920
31920
31920
31940
31940
31960
31960
31960
31980
31980
31980
31980
32000
32000
32000
32000
32000
32000
32000
32020
32020
32020
32020
32040
32040
32040
32040
32040
32040
32040
32060
32060
32060
32060
32060
32080
32100
32100
32100
32120
32120
32120
32120
32120
32140
32140
32140
32140
32140
32140
32160
32180
32180
32180
32180
32200
32220
32220
32220
32240
32240
32240
32240
32280
32300
32300
32320
32320
32340
32360
32360
32360
32360
32380
32380
32400
32400
32400
32420
32420
32420
32440
32440
32440
32460
32480
32480
32480
32480
32500
32500
32500
32500
32520
32520
32520
32520
32540
32540
32540
32540
32540
32560
32560
32580
32580
32580
32600
32620
32640
32660
32680
32700
32720
32760
32760
32780
32780
32780
32800
32820
32880
32980
33140
33140
33140
33140
33180
33180
33200
33220
33220
33220
33240
33240
33240
33260
33260
33260
33280
33280
33280
33300
33300
33320
33320
33320
33340
33340
33360
33360
33380
33380
33400
33400
33420
33420
33440
33440
33440
33480
33500
33580
33600
33620
33640
33640
33660
33680
33700
33700
33720
33720
33740
33760
33760
33780
33800
33820
33820
33840
33840
33860
33860
33860
33880
33880
33900
33900
33920
33940
33960
33980
33980
34000
34020
34040
34040
34060
34060
34080
34120
34120
34120
34140
34160
34160
34180
34200
34200
34220
34240
34240
34260
34280
34280
34300
34300
34340
34360
34380
34400
34500
34520
34600
34600
34640
34660
34680
34720
34760
34780
34800
34800
34860
34920
35080
35120
35120
35160
35180
35240
35240
35240
35260
35260
35260
35260
35280
35280
35280
35300
35300
35300
35320
35340
35340
35340
35340
35360
35360
35360
35400
35400
35440
35440
35460
35500
35520
35580
35600
35620
35640
35640
35660
35800
35920
35940
35940
35960
35960
35960
36040
36060
36060
36060
36060
36060
36060
36060
36080
36080
36080
36080
36100
36100
36100
36100
36100
36120
36140
36140
36140
36140
36160
36160
36160
36160
36160
36160
36160
36180
36180
36180
36180
36200
36200
36220
36220
36220
36240
36240
36240
36240
36260
36260
36280
36280
36280
36280
36280
36280
36300
36300
36300
36300
36300
36320
36320
36320
36320
36320
36340
36340
36360
36360
36360
36360
36380
36380
36400
36400
36400
36400
36420
36420
36440
36440
36440
36440
36460
36460
36460
36460
36480
36500
36500
36500
36520
36520
36520
36540
36540
36540
36540
36560
36560
36560
36560
36560
36580
36580
36580
36580
36600
36600
36600
36600
36600
36620
36640
36680
36680
36680
36680
36680
36700
36700
36700
36700
36720
36720
36720
36720
36740
36740
36740
36740
36740
36740
36760
36760
36760
36780
36780
36780
36780
36780
36800
36800
36800
36820
36820
36820
36820
36840
36840
36840
36840
36840
36860
36860
36860
36860
36880
36880
36880
36880
36880
36900
36900
36900
36900
36900
36900
36920
36920
36940
36940
36940
36940
36940
36960
36960
36960
36980
36980
36980
37000
37000
37000
37000
37000
37000
37000
37020
37020
37020
37040
37040
37040
37040
37040
37040
37060
37060
37060
37060
37080
37080
37080
37080
37080
37080
37080
37100
37100
37100
37100
37100
37100
37120
37120
37120
37120
37120
37140
37140
37140
37160
37160
37160
37160
37180
37180
37180
37180
37180
37180
37200
37200
37200
37200
37220
37220
37220
37240
37260
37260
37260
37280
37280
37280
37280
37300
37300
37300
37300
37300
37300
37320
37320
37320
37320
37320
37320
37340
37340
37340
37340
37340
37340
37360
37360
37360
37360
37360
37360
37380
37380
37380
37380
37380
37400
37400
37400
37400
37400
37420
37420
37420
37420
37420
37420
37420
37440
37440
37440
37440
37440
37460
37460
37480
37480
37480
37480
37480
37500
37500
37500
37500
37500
37520
37520
37520
37520
37520
37520
37540
37540
37540
37540
37560
37560
37580
37580
37600
37600
37600
37620
37640
37640
37640
37640
37660
37660
37660
37660
37660
37680
37680
37700
37700
37700
37700
37700
37700
37720
37720
37720
37720
37720
37740
37740
37740
37740
37740
37740
37760
37760
37760
37760
37760
37780
37780
37780
37780
37780
37800
37800
37800
37800
37800
37820
37820
37820
37820
37820
37840
37840
37840
37840
37840
37840
37840
37840
37840
37840
37860
37860
37860
37860
37860
37860
37860
37860
37880
37880
37880
37880
37880
37880
37900
37900
37900
37900
37900
37900
37900
37900
37900
37920
37920
37920
37920
37920
37920
37920
37920
37920
37940
37940
37940
37940
37940
37940
37940
37940
37960
37960
37960
37960
37960
37960
37960
37960
37980
37980
37980
37980
38000
38000
38000
38000
38000
38000
38000
38020
38020
38020
38020
38020
38020
38020
38040
38040
38040
38040
38060
38060
38060
38060
38060
38060
38080
38080
38080
38080
38080
38080
38080
38080
38100
38100
38100
38100
38100
38100
38100
38100
38100
38100
38120
38120
38120
38120
38120
38120
38120
38140
38140
38140
38140
38140
38140
38160
38160
38160
38160
38160
38160
38160
38160
38180
38180
38180
38200
38200
38200
38200
38200
38220
38220
38220
38220
38220
38220
38240
38240
38240
38240
38240
38240
38240
38240
38240
38260
38260
38260
38260
38260
38260
38260
38260
38280
38280
38280
38280
38280
38280
38300
38300
38300
38300
38300
38300
38300
38300
38300
38320
38320
38320
38320
38320
38320
38320
38320
38340
38340
38340
38340
38340
38340
38340
38340
38360
38360
38360
38360
38360
38380
38380
38380
38380
38380
38400
38400
38400
38420
38420
38420
38420
38420
38440
38440
38440
38440
38440
38440
38460
38460
38460
38460
38460
38460
38460
38480
38480
38480
38480
38480
38500
38500
38500
38500
38500
38500
38500
38500
38520
38520
38520
38520
38520
38520
38520
38520
38520
38520
38520
38540
38540
38540
38560
38560
38560
38560
38560
38560
38560
38560
38560
38580
38580
38580
38580
38580
38580
38580
38580
38580
38600
38600
38600
38600
38600
38600
38620
38620
38620
38620
38620
38620
38620
38640
38640
38640
38640
38640
38640
38660
38660
38660
38660
38660
38680
38680
38680
38680
38700
38700
38700
38700
38700
38700
38700
38700
38700
38720
38720
38720
38740
38740
38740
38760
38760
38780
38780
38780
38780
38780
38780
38800
38800
38820
38820
38820
38820
38840
38840
38840
38840
38860
38860
38880
38880
38880
38880
38880
38880
38880
38900
38900
38920
38920
38920
38940
38940
38940
38940
38960
38960
38960
38960
38980
38980
38980
39000
39000
39000
39000
39020
39020
39020
39020
39020
39020
39040
39040
39040
39040
39040
39040
39060
39060
39060
39060
39060
39060
39080
39080
39080
39080
39080
39100
39100
39100
39100
39120
39140
39140
39140
39140
39160
39160
39160
39180
39180
39180
39180
39180
39200
39200
39200
39220
39220
39240
39240
39260
39260
39280
39280
39280
39280
39300
39300
39300
39300
39300
39300
39300
39320
39320
39320
39320
39320
39320
39340
39340
39340
39340
39340
39340
39360
39360
39360
39360
39360
39380
39380
39380
39380
39380
39400
39400
39400
39400
39420
39420
39420
39420
39440
39440
39440
39460
39460
39460
39480
39480
39480
39480
39500
39500
39500
39500
39500
39520
39520
39520
39520
39520
39520
39520
39540
39540
39540
39560
39560
39560
39560
39560
39580
39580
39580
39580
39580
39580
39600
39600
39600
39620
39620
39620
39620
39620
39620
39620
39640
39640
39640
39640
39640
39640
39660
39660
39660
39660
39680
39680
39680
39680
39680
39700
39700
39700
39700
39720
39720
39720
39720
39720
39720
39720
39760
39760
39780
39780
39780
39800
39820
39840
39840
39840
39860
39860
39860
39860
39860
39860
39860
39860
39880
39880
39880
39880
39900
39900
39900
39900
39900
39920
39920
39920
39940
39940
39940
39940
39960
39960
39960
39960
39960
39960
39960
39960
39960
39980
39980
39980
39980
40000
40000
40000
40000
40000
40020
40020
40020
40040
40060
40080
40080
40100
40120
40120
40120
40120
40120
40140
40140
40140
40160
40160
40180
40180
40180
40180
40200
40200
40200
40200
40200
40220
40220
40220
40220
40220
40240
40240
40240
40240
40240
40240
40260
40260
40260
40260
40260
40280
40280
40280
40280
40300
40300
40300
40300
40300
40300
40300
40320
40320
40320
40320
40320
40340
40340
40340
40340
40340
40340
40340
40360
40360
40360
40360
40360
40380
40380
40380
40380
40380
40380
40380
40400
40400
40400
40400
40420
40420
40420
40420
40420
40440
40440
40440
40440
40440
40440
40440
40440
40440
40460
40460
40460
40460
40460
40480
40480
40480
40480
40480
40480
40500
40500
40500
40500
40500
40520
40520
40520
40520
40520
40520
40540
40540
40540
40540
40560
40560
40560
40560
40560
40560
40580
40580
40580
40580
40580
40580
40580
40580
40600
40600
40600
40600
40600
40620
40620
40620
40620
40620
40620
40620
40620
40640
40640
40660
40660
40660
40660
40660
40680
40680
40680
40700
40700
40700
40700
40700
40700
40720
40720
40720
40720
40720
40720
40720
40720
40740
40740
40740
40740
40760
40760
40760
40760
40760
40760
40760
40760
40760
40780
40780
40780
40780
40780
40780
40780
40780
40780
40800
40800
40800
40800
40800
40800
40800
40800
40820
40820
40820
40820
40820
40820
40820
40820
40820
40840
40840
40840
40840
40840
40840
40840
40860
40860
40860
40860
40880
40880
40900
40900
40900
40900
40900
40900
40900
40920
40920
40920
40920
40920
40920
40940
40940
40940
40940
40940
40940
40940
40940
40960
40960
40960
40960
40960
40960
40960
40960
40960
40980
40980
40980
40980
40980
40980
41000
41000
41000
41000
41000
41000
41020
41020
41020
41020
41040
41040
41060
41060
41060
41060
41080
41080
41080
41080
41080
41100
41100
41100
41100
41100
41120
41120
41120
41140
41140
41140
41140
41140
41140
41140
41160
41160
41160
41160
41160
41160
41180
41180
41180
41180
41180
41200
41200
41200
41200
41200
41220
41220
41220
41220
41220
41240
41240
41240
41240
41240
41240
41240
41260
41260
41260
41260
41260
41260
41260
41280
41280
41280
41280
41280
41300
41300
41300
41300
41300
41320
41320
41340
41340
41340
41340
41360
41360
41360
41360
41380
41400
41420
41420
41420
41440
41440
41440
41440
41460
41460
41460
41480
41480
41500
41500
41520
41540
41560
41560
41560
41560
41580
41600
41660
41700
41700
41720
41720
41740
41740
41760
41760
41760
41780
41800
41820
41840
41880
41900
41900
41920
41920
41940
41940
41960
41960
41980
42000
42020
42040
42060
42060
42080
42100
42120
42120
42140
42140
42160
42200
42200
42220
42240
42240
42240
42240
42260
42280
42300
42320
42320
42360
42380
42380
42380
42380
42400
42400
42420
42420
42420
42420
42440
42460
42480
42480
42500
42560
42580
42620
42620
42640
42640
42640
42660
42700
42860
42860
42900
42920
42940
42980
43160
43160
43220
43280
43380
43880
44540
44920
46420
47740
49560
52700
53380
54840
57460
86360
86380
86380
86520
86520
86580
86580
86600
86600
86620
86640
86680
86680
86740
86740
86880
86880
86900
86920
86920
86940
86960
86960
86960
86980
86980
86980
86980
87000
87000
87000
87000
87040
87060
87160
87200
87220
87220
87220
87240
87240
87280
87280
87300
87360
87360
87380
87380
87400
87400
87400
87420
87420
87440
87440
87440
87460
87460
87460
87480
87480
87500
87500
87500
87520
87520
87520
87540
87540
87540
87560
87580
87600
87600
87600
87620
87620
87640
87660
87680
87720
87740
87760
87780
87780
87780
87780
87800
87800
87800
87840
87840
87860
87860
87860
87880
87880
87880
87880
87880
87880
87900
87900
87920
87920
87940
87940
87960
87960
87980
87980
88000
88020
88020
88020
88040
88040
88060
88060
88060
88060
88080
88080
88080
88080
88080
88080
88100
88100
88100
88120
88120
88120
88140
88140
88140
88160
88160
88180
88180
88180
88180
88200
88200
88240
88260
88260
88280
88280
88280
88280
88300
88300
88320
88320
88320
88340
88360
88360
88360
88360
88360
88360
88380
88380
88400
88400
88400
88400
88420
88420
88420
88420
88420
88440
88440
88440
88440
88480
88480
88480
88480
88500
88500
88500
88520
88540
88540
88560
88560
88580
88640
88660
88660
88700
88700
88720
88720
88740
88740
88760
88780
88800
88820
88840
88840
88860
88860
88860
88880
88880
88920
88920
88920
88940
88940
88940
88940
88960
88960
88960
88960
88960
88960
88960
88960
88980
88980
89000
89000
89000
89020
89020
89020
89020
89020
89040
89060
89060
89060
89080
89080
89080
89100
89100
89120
89120
89120
89140
89140
89160
89160
89180
89200
89200
89220
89240
89240
89260
89280
89280
89300
89360
89420
89440
89540
89560
89560
89580
89580
89600
89600
89700
89740
89760
89780
89780
89840
89860
89880
89880
89880
89880
89900
89900
89920
90000
90040
90040
90400
90940
90960
90980
91240
91260
91280
91280
91300
91300
91380
91400
91400
91420
91440
91440
91460
91460
91460
91480
91480
91500
91500
91520
91520
91560
91580
91920
91940
91960
91980
92000
92020
92040
92060
92080
92100
92120
92240
92260
92280
92300
92320
92340
92380
92420
92440
92460
92460
92480
92500
92520
92620
92660
92700
92700
92820
92920
93020
93040
93260
93400
93420
93580
93820
94000
94020
94100
94180
94420
94520
94540
94560
94600
94780
94860
94880
94880
94940
94960
94960
95020
95040
95060
95080
95260
95420
95440
95460
95580
95600
95640
95680
95700
95720
95780
95820
95840
95880
95880
95920
95920
95940
95960
96000
96020
96040
96060
96080
96080
96100
96120
96140
96140
96160
96160
96180
96180
96200
96200
96220
96220
96240
96240
96260
96260
96280
96300
96300
96320
96320
96340
96340
96360
96360
96400
96400
96400
96420
96440
96460
96460
96480
96480
96500
96500
96500
96520
96540
96560
96620
96640
96660
96660
96720
96740
96740
96760
96760
96760
96760
96760
96760
96760
96760
96760
96760
96760
96760
96760
96760
96760
96780
96780
96780
96780
96780
96780
96780
96780
96780
96780
96780
96780
96780
96780
96780
96800
96800
96800
96800
96800
96800
96800
96800
96820
96820
96820
96820
96820
96820
96820
96820
96820
96840
96840
96840
96840
96840
96840
96840
96840
96840
96840
96840
96860
96860
96860
96860
96860
96860
96880
96880
96880
96880
96880
96880
96880
96880
96880
96880
96880
96880
96880
96880
96880
96900
96900
96900
96900
96900
96900
96900
96920
96920
96920
96920
96920
96920
96940
96940
96940
96940
96940
96940
96940
96940
96940
96960
96960
96960
96960
96980
96980
96980
96980
96980
96980
96980
96980
96980
96980
97000
97000
97000
97000
97000
97000
97000
97000
97000
97020
97020
97020
97020
97020
97020
97040
97040
97040
97040
97040
97040
97060
97060
97060
97060
97060
97060
97060
97080
97080
97080
97080
97080
97080
97080
97080
97100
97100
97100
97100
97100
97100
97100
97100
97120
97120
97120
97120
97120
97120
97120
97140
97140
97140
97140
97140
97140
97140
97140
97140
97160
97160
97160
97160
97160
97160
97160
97180
97180
97180
97180
97180
97180
97180
97180
97200
97200
97200
97200
97200
97200
97220
97220
97220
97220
97220
97220
97220
97220
97220
97220
97220
97240
97240
97240
97240
97240
97240
97240
97240
97240
97260
97260
97260
97260
97260
97260
97260
97260
97260
97260
97280
97280
97280
97280
97280
97280
97280
97280
97280
97280
97280
97300
97300
97300
97300
97300
97300
97300
97300
97300
97300
97300
97300
97320
97320
97320
97320
97320
97320
97320
97320
97320
97320
97320
97340
97340
97340
97340
97340
97340
97340
97340
97340
97340
97360
97360
97360
97360
97360
97360
97360
97360
97360
97360
97360
97360
97360
97380
97380
97380
97380
97380
97380
97380
97400
97400
97400
97400
97400
97400
97400
97400
97400
97400
97400
97400
97420
97420
97420
97420
97420
97420
97420
97420
97420
97420
97440
97440
97440
97440
97440
97440
97440
97440
97440
97440
97440
97440
97460
97460
97460
97460
97460
97460
97460
97460
97460
97460
97460
97480
97480
97480
97480
97480
97480
97500
97500
97500
97500
97500
97500
97500
97520
97520
97520
97520
97520
97520
97520
97520
97520
97520
97520
97520
97540
97540
97540
97540
97540
97540
97540
97540
97540
97540
97560
97560
97560
97560
97560
97560
97560
97560
97560
97560
97560
97560
97560
97580
97580
97580
97580
97580
97580
97580
97580
97580
97580
97600
97600
97600
97600
97600
97600
97600
97600
97600
97600
97600
97600
97600
97600
97600
97600
97620
97620
97620
97620
97620
97620
97620
97620
97620
97620
97640
97640
97640
97640
97640
97640
97640
97640
97640
97640
97640
97640
97640
97640
97640
97640
97640
97660
97660
97660
97660
97660
97660
97660
97660
97660
97660
97660
97660
97660
97660
97660
97660
97660
97680
97680
97680
97680
97680
97680
97680
97680
97680
97700
97700
97700
97700
97700
97700
97700
97700
97700
97720
97720
97720
97720
97720
97720
97720
97720
97720
97720
97720
97740
97740
97740
97740
97760
97760
97760
97780
97780
97780
97780
97780
97800
97800
97800
97800
97800
97800
97820
97820
97820
97840
97860
97860
97860
97880
97880
97880
97920
97920
97960
97980
97980
97980
98000
98020
98040
98040
98080
98100
98100
98120
98140
98200
98220
98240
98240
98280
98300
98380
98400
98420
98540
98580
98580
98600
98600
98620
98660
98700
98700
98720
98720
98740
98740
98760
98940
99040
99060
99080
99200
99200
99360
99380
99400
99420
99440
99460
99480
99500
99520
99540
99540
99580
99580
99600
99620
99640
99660
99740
99760
99760
99780
99780
99800
99800
99820
99820
99840
99840
99860
99860
99880
100080
100100
100120
100140
100160
100200
100220
100260
100280
100300
100400
100420
100420
100440
100460
100480
100480
100500
100520
100520
100540
100580
100620
100640
100640
100660
100660
100680
100680
100680
100680
100680
100680
100680
100680
100680
100680
100680
100680
100700
100700
100700
100700
100700
100700
100700
100700
100700
100700
100700
100700
100700
100700
100700
100700
100700
100720
100720
100720
100720
100720
100720
100720
100720
100720
100720
100720
100720
100740
100740
100740
100740
100740
100740
100740
100760
100760
100760
100760
100760
100760
100760
100760
100780
100780
100780
100780
100780
100780
100780
100780
100780
100780
100800
100800
100800
100800
100800
100800
100820
100820
100820
100820
100820
100840
100840
100840
100860
100860
100860
100860
100860
100860
100880
100880
100880
100880
100900
100900
100900
100900
100900
100900
100900
100900
100900
100920
100920
100920
100920
100920
100920
100920
100920
100920
100920
100940
100940
100940
100940
100940
100940
100940
100960
100960
100960
100960
100960
100980
100980
100980
100980
100980
100980
100980
100980
100980
100980
100980
100980
101000
101000
101000
101000
101000
101000
101000
101000
101000
101000
101000
101000
101020
101020
101020
101020
101040
101040
101040
101040
101060
101060
101060
101060
101060
101060
101060
101080
101080
101080
101080
101080
101080
101080
101080
101100
101100
101100
101100
101100
101100
101120
101120
101120
101120
101120
101120
101120
101120
101120
101120
101140
101140
101140
101140
101140
101140
101140
101140
101140
101140
101140
101160
101160
101160
101160
101160
101160
101160
101180
101180
101180
101180
101180
101180
101180
101180
101180
101180
101200
101200
101200
101200
101200
101200
101200
101220
101220
101220
101220
101220
101220
101220
101240
101240
101240
101240
101240
101240
101240
101260
101260
101260
101260
101260
101280
101280
101280
101280
101280
101280
101300
101300
101300
101300
101300
101300
101300
101300
101300
101300
101320
101320
101320
101320
101320
101320
101320
101340
101340
101340
101340
101340
101340
101340
101340
101360
101360
101360
101360
101360
101360
101360
101360
101360
101360
101360
101380
101380
101380
101380
101380
101380
101380
101380
101380
101380
101380
101380
101380
101400
101400
101400
101400
101400
101400
101400
101420
101420
101420
101420
101440
101440
101440
101440
101440
101440
101460
101460
101460
101460
101460
101460
101480
101480
101480
101480
101500
101500
101500
101500
101500
101520
101520
101520
101520
101520
101540
101540
101540
101540
101540
101540
101540
101560
101560
101560
101560
101580
101580
101580
101580
101580
101580
101600
101600
101600
101600
101620
101620
101620
101620
101620
101620
101620
101620
101620
101620
101640
101640
101640
101640
101640
101660
101660
101660
101660
101680
101680
101680
101680
101680
101680
101680
101700
101700
101700
101700
101720
101720
101720
101720
101720
101720
101720
101720
101740
101740
101740
101740
101740
101760
101760
101760
101780
101780
101780
101780
101780
101800
101800
101800
101800
101800
101800
101800
101800
101800
101820
101820
101820
101820
101820
101820
101820
101820
101820
101820
101840
101840
101840
101840
101840
101840
101840
101860
101860
101860
101860
101860
101860
101860
101860
101860
101860
101860
101860
101860
101860
101880
101880
101880
101880
101880
101880
101900
101900
101900
101900
101920
101920
101940
101940
101960
101960
101960
101960
101980
101980
102000
102000
102000
102020
102020
102040
102040
102060
102060
102060
102080
102080
102080
102100
102100
102100
102100
102100
102140
102140
102160
102160
102160
102160
102180
102200
102220
102220
102240
102260
102260
102280
102280
102340
102360
102420
102420
102440
102460
102500
102500
102520
102540
102580
102600
102600
102620
102660
102660
102660
102680
102680
102680
102700
102700
102700
102720
102720
102720
102740
102740
102740
102740
102760
102780
102780
102820
102820
102900
102900
102920
102920
102940
102940
102940
102960
102960
102980
102980
103000
103020
103040
103040
103040
103060
103080
103100
103100
103100
103100
103120
103160
103180
103260
103280
103280
103320
103320
103400
103440
103460
103480
103500
103500
103520
103520
103540
103540
103560
103560
103560
103580
103580
103600
103600
103700
103820
103820
103820
103820
103820
103820
103820
103820
103820
103820
103840
103840
103840
103840
103840
103840
103840
103840
103840
103840
103840
103840
103840
103840
103840
103840
103840
103840
103840
103840
103840
103840
103840
103840
103860
103860
103860
103860
103860
103860
103860
103860
103860
103860
103860
103860
103860
103860
103860
103860
103860
103860
103880
103880
103880
103880
103880
103880
103880
103880
103880
103880
103880
103880
103880
103880
103880
103880
103880
103880
103900
103900
103900
103900
103900
103900
103900
103900
103900
103900
103900
103920
103920
103920
103920
103920
103920
103920
103940
103940
103940
103940
103940
103940
103960
103960
103960
103960
103960
103960
103980
103980
103980
103980
103980
103980
103980
103980
103980
104000
104000
104000
104000
104000
104000
104000
104020
104020
104020
104020
104020
104020
104020
104020
104040
104040
104040
104040
104040
104040
104040
104040
104060
104060
104060
104060
104060
104060
104060
104060
104060
104060
104060
104080
104080
104080
104080
104080
104080
104080
104100
104100
104100
104120
104120
104120
104120
104120
104120
104120
104140
104140
104140
104140
104140
104140
104140
104140
104160
104160
104160
104160
104160
104160
104160
104180
104180
104180
104180
104180
104180
104180
104180
104180
104180
104200
104200
104200
104200
104200
104200
104200
104200
104220
104220
104220
104220
104220
104220
104220
104220
104220
104240
104240
104240
104240
104240
104240
104240
104260
104260
104260
104260
104260
104260
104260
104280
104280
104280
104280
104280
104280
104280
104300
104300
104300
104300
104300
104300
104300
104300
104320
104320
104320
104320
104320
104320
104320
104320
104320
104320
104320
104340
104340
104340
104340
104340
104340
104340
104340
104340
104340
104340
104360
104360
104360
104360
104360
104360
104360
104360
104380
104380
104380
104380
104380
104380
104380
104400
104400
104400
104400
104400
104400
104400
104400
104400
104420
104420
104420
104420
104420
104420
104420
104440
104440
104440
104440
104440
104440
104440
104440
104440
104440
104460
104460
104460
104460
104460
104460
104460
104460
104480
104480
104480
104480
104480
104480
104480
104480
104500
104500
104500
104500
104500
104500
104520
104520
104520
104520
104520
104520
104520
104540
104540
104540
104540
104540
104540
104540
104540
104540
104560
104560
104560
104560
104560
104560
104560
104560
104560
104560
104580
104580
104580
104580
104580
104580
104580
104600
104600
104600
104600
104600
104600
104600
104620
104620
104620
104620
104620
104620
104620
104620
104620
104640
104640
104640
104640
104640
104660
104660
104660
104660
104660
104660
104660
104680
104680
104680
104680
104680
104680
104700
104700
104700
104700
104700
104700
104700
104720
104720
104720
104720
104720
104720
104720
104740
104740
104740
104740
104740
104740
104740
104760
104760
104760
104760
104760
104760
104760
104760
104760
104760
104780
104780
104780
104780
104780
104780
104780
104780
104800
104800
104800
104800
104800
104800
104800
104800
104800
104820
104820
104820
104820
104820
104820
104820
104820
104820
104820
104820
104820
104840
104840
104840
104840
104840
104840
104840
104860
104860
104860
104860
104860
104860
104860
104880
104880
104880
104880
104880
104880
104880
104880
104880
104900
104900
104900
104900
104900
104900
104900
104900
104900
104900
104900
104900
104900
104900
104920
104920
104920
104920
104920
104920
104920
104920
104940
104940
104940
104940
104940
104960
104960
104960
104960
104960
104960
104960
104960
104960
104960
104960
104980
104980
104980
104980
104980
104980
104980
105000
105000
105000
105000
105000
105000
105000
105000
105000
105020
105020
105020
105020
105020
105020
105020
105020
105040
105040
105040
105040
105040
105040
105060
105060
105060
105060
105060
105060
105060
105060
105060
105060
105060
105080
105080
105080
105080
105080
105080
105080
105100
105100
105100
105100
105100
105100
105100
105100
105120
105120
105120
105120
105120
105120
105120
105120
105120
105120
105120
105140
105140
105140
105140
105140
105140
105140
105140
105140
105140
105140
105140
105160
105160
105160
105160
105160
105160
105160
105160
105160
105180
105180
105180
105180
105180
105180
105180
105180
105200
105200
105200
105200
105200
105200
105200
105200
105200
105200
105200
105200
105200
105220
105220
105220
105220
105220
105220
105220
105220
105220
105240
105240
105240
105240
105240
105240
105240
105240
105240
105260
105260
105260
105260
105260
105260
105260
105260
105260
105260
105280
105280
105280
105280
105280
105280
105280
105280
105280
105280
105280
105300
105300
105300
105300
105300
105300
105300
105320
105320
105320
105320
105320
105320
105340
105340
105340
105340
105340
105340
105340
105340
105340
105360
105360
105360
105360
105360
105360
105360
105360
105360
105360
105360
105360
105360
105380
105380
105380
105380
105380
105380
105380
105380
105400
105400
105400
105400
105400
105400
105400
105400
105400
105420
105420
105420
105420
105420
105420
105420
105420
105440
105440
105440
105440
105440
105440
105440
105460
105460
105460
105460
105460
105480
105480
105480
105480
105480
105480
105480
105500
105500
105500
105500
105500
105500
105500
105500
105500
105500
105520
105520
105520
105520
105520
105520
105520
105520
105520
105520
105520
105540
105540
105540
105540
105540
105540
105560
105560
105560
105560
105560
105560
105560
105560
105580
105580
105580
105580
105580
105580
105580
105600
105600
105600
105600
105600
105600
105600
105620
105620
105620
105620
105620
105620
105620
105620
105640
105640
105640
105640
105640
105640
105640
105640
105640
105660
105660
105660
105660
105660
105680
105680
105680
105680
105680
105680
105680
105680
105680
105700
105700
105700
105700
105700
105700
105700
105700
105720
105720
105720
105720
105720
105720
105720
105720
105720
105720
105740
105740
105740
105740
105740
105740
105740
105740
105760
105760
105760
105760
105760
105760
105780
105780
105780
105780
105780
105800
105800
105800
105800
105800
105820
105820
105820
105820
105820
105820
105840
105840
105840
105840
105840
105840
105840
105840
105860
105860
105860
105860
105860
105880
105880
105880
105880
105880
105880
105880
105900
105900
105900
105900
105900
105920
105920
105920
105920
105920
105940
105940
105940
105940
105940
105940
105960
105960
105960
105960
105960
105960
105980
105980
105980
105980
105980
105980
105980
106000
106000
106000
106000
106000
106000
106000
106000
106020
106020
106020
106020
106020
106020
106040
106040
106040
106040
106040
106060
106060
106060
106060
106060
106080
106080
106080
106080
106080
106080
106080
106080
106080
106080
106080
106100
106100
106100
106100
106100
106100
106100
106120
106120
106120
106120
106120
106120
106120
106120
106120
106120
106120
106140
106140
106140
106140
106140
106140
106140
106140
106140
106160
106160
106160
106160
106160
106160
106160
106160
106160
106160
106160
106180
106180
106180
106180
106180
106180
106180
106180
106180
106180
106200
106200
106200
106200
106200
106200
106200
106200
106200
106200
106220
106220
106220
106220
106220
106220
106240
106240
106240
106240
106240
106240
106240
106240
106240
106260
106260
106260
106260
106260
106260
106260
106260
106260
106280
106280
106280
106280
106280
106280
106280
106300
106300
106300
106300
106300
106300
106320
106320
106320
106320
106320
106320
106320
106340
106340
106340
106340
106340
106340
106360
106360
106360
106360
106360
106360
106360
106360
106360
106380
106380
106380
106380
106380
106380
106380
106380
106400
106400
106400
106400
106400
106400
106400
106400
106420
106420
106420
106420
106420
106420
106420
106420
106420
106440
106440
106440
106440
106440
106440
106440
106440
106440
106440
106460
106460
106460
106460
106460
106460
106460
106460
106460
106460
106460
106460
106480
106480
106480
106480
106480
106480
106480
106480
106500
106500
106500
106500
106500
106500
106500
106500
106520
106520
106520
106520
106520
106520
106520
106520
106520
106540
106540
106540
106540
106540
106540
106540
106540
106540
106540
106560
106560
106560
106560
106560
106560
106560
106560
106560
106580
106580
106580
106580
106580
106580
106600
106600
106600
106600
106600
106600
106600
106600
106600
106600
106600
106620
106620
106620
106620
106620
106620
106620
106620
106620
106620
106640
106640
106640
106640
106640
106640
106640
106640
106640
106640
106660
106660
106660
106660
106660
106660
106660
106660
106680
106680
106680
106680
106680
106680
106680
106680
106680
106680
106700
106700
106700
106700
106700
106700
106700
106700
106720
106720
106720
106720
106720
106720
106720
106740
106740
106740
106740
106740
106740
106740
106740
106740
106740
106760
106760
106760
106760
106760
106760
106760
106760
106760
106780
106780
106780
106780
106780
106780
106780
106800
106800
106800
106800
106800
106800
106800
106800
106800
106820
106820
106820
106820
106820
106820
106820
106820
106820
106820
106840
106840
106840
106840
106840
106840
106840
106840
106840
106840
106840
106840
106860
106860
106860
106860
106860
106860
106860
106860
106860
106860
106860
106860
106860
106880
106880
106880
106880
106880
106880
106880
106880
106880
106880
106880
106880
106880
106900
106900
106900
106900
106900
106900
106900
106900
106900
106900
106900
106900
106920
106920
106920
106920
106920
106920
106920
106920
106920
106920
106920
106920
106920
106920
106940
106940
106940
106940
106940
106940
106940
106940
106940
106940
106940
106940
106960
106960
106960
106960
106960
106960
106960
106960
106960
106980
106980
106980
106980
106980
106980
106980
106980
106980
106980
107000
107000
107000
107000
107000
107000
107000
107000
107000
107000
107000
107020
107020
107020
107020
107020
107020
107020
107020
107020
107020
107020
107020
107020
107020
107020
107020
107020
107040
107040
107040
107040
107040
107040
107040
107040
107040
107040
107040
107040
107040
107040
107040
107040
107060
107060
107060
107060
107060
107060
107060
107060
107060
107060
107060
107060
107080
107080
107080
107080
107080
107080
107080
107080
107080
107080
107080
107080
107080
107080
107080
107080
107080
107100
107100
107100
107100
107100
107100
107100
107100
107100
107100
107100
107100
107100
107100
107100
107100
107120
107120
107120
107120
107120
107120
107120
107120
107120
107120
107120
107120
107120
107120
107120
107120
107120
107140
107140
107140
107140
107140
107140
107140
107140
107140
107140
107140
107140
107140
107140
107140
107140
107160
107160
107160
107160
107160
107160
107160
107160
107160
107160
107160
107160
107160
107160
107160
107180
107180
107180
107180
107180
107180
107180
107180
107180
107180
107180
107180
107180
107180
107180
107180
107180
107200
107200
107200
107200
107200
107200
107200
107200
107200
107200
107200
107220
107220
107220
107220
107220
107220
107220
107220
107220
107220
107220
107220
107220
107240
107240
107240
107240
107240
107240
107240
107240
107240
107240
107240
107260
107260
107260
107260
107260
107260
107260
107260
107260
107260
107260
107260
107280
107280
107280
107280
107280
107280
107280
107280
107280
107280
107280
107280
107280
107280
107280
107280
107280
107300
107300
107300
107300
107300
107300
107300
107300
107300
107300
107300
107300
107300
107300
107320
107320
107320
107320
107320
107320
107320
107320
107320
107320
107320
107320
107320
107340
107340
107340
107340
107340
107340
107340
107340
107340
107340
107340
107340
107360
107360
107360
107360
107360
107360
107360
107360
107360
107360
107360
107360
107380
107380
107380
107380
107380
107380
107380
107380
107380
107380
107380
107380
107380
107380
107400
107400
107400
107400
107400
107400
107400
107400
107400
107400
107400
107400
107400
107400
107400
107420
107420
107420
107420
107420
107420
107420
107420
107440
107440
107440
107440
107440
107440
107440
107440
107440
107440
107440
107440
107440
107460
107460
107460
107460
107460
107460
107460
107460
107460
107460
107460
107460
107460
107460
107480
107480
107480
107480
107480
107480
107480
107480
107480
107500
107500
107500
107500
107500
107500
107520
107520
107520
107520
107520
107520
107520
107520
107520
107540
107540
107540
107540
107540
107560
107560
107560
107560
107580
107580
107580
107580
107580
107580
107580
107600
107600
107600
107600
107600
107620
107620
107620
107620
107620
107620
107640
107640
107640
107640
107640
107660
107660
107660
107660
107660
107660
107680
107680
107680
107680
107680
107680
107700
107700
107700
107700
107700
107700
107700
107700
107720
107720
107720
107720
107720
107720
107720
107720
107720
107720
107720
107740
107740
107740
107740
107740
107740
107740
107740
107740
107740
107740
107740
107740
107740
107760
107760
107760
107760
107760
107760
107760
107760
107760
107760
107760
107780
107780
107780
107780
107780
107780
107780
107780
107780
107780
107780
107780
107780
107800
107800
107800
107800
107800
107800
107800
107800
107800
107800
107800
107800
107800
107800
107820
107820
107820
107820
107820
107820
107820
107820
107820
107820
107840
107840
107840
107840
107840
107840
107840
107840
107840
107840
107840
107840
107840
107860
107860
107860
107860
107860
107860
107860
107860
107860
107880
107880
107880
107880
107880
107880
107880
107880
107880
107880
107880
107900
107900
107900
107900
107900
107900
107900
107900
107900
107900
107900
107920
107920
107920
107920
107920
107920
107920
107920
107920
107920
107920
107920
107940
107940
107940
107940
107940
107940
107940
107940
107940
107940
107940
107960
107960
107960
107960
107960
107960
107960
107960
107960
107960
107960
107960
107980
107980
107980
107980
107980
107980
107980
107980
107980
107980
107980
108000
108000
108000
108000
108000
108000
108000
108020
108020
108020
108020
108020
108020
108020
108020
108020
108040
108040
108040
108040
108040
108040
108040
108040
108040
108040
108040
108040
108060
108060
108060
108060
108060
108060
108060
108060
108060
108060
108080
108080
108080
108080
108080
108080
108080
108080
108080
108100
108100
108100
108100
108100
108100
108100
108100
108120
108120
108120
108120
108120
108120
108120
108120
108120
108120
108140
108140
108140
108140
108140
108140
108140
108160
108160
108160
108160
108160
108160
108160
108160
108160
108160
108160
108180
108180
108180
108180
108180
108180
108180
108180
108200
108200
108200
108200
108200
108200
108200
108200
108220
108220
108220
108220
108220
108220
108220
108220
108220
108220
108240
108240
108240
108240
108240
108240
108240
108240
108260
108260
108260
108260
108260
108260
108260
108260
108260
108280
108280
108280
108280
108280
108280
108280
108280
108300
108300
108300
108300
108300
108300
108320
108320
108320
108320
108320
108320
108320
108320
108340
108340
108340
108340
108340
108360
108360
108360
108360
108360
108360
108360
108360
108360
108380
108380
108380
108380
108380
108380
108380
108380
108380
108380
108380
108400
108400
108400
108400
108400
108400
108400
108400
108400
108420
108420
108420
108420
108420
108420
108420
108420
108420
108420
108420
108420
108420
108440
108440
108440
108440
108440
108440
108440
108440
108440
108460
108460
108460
108460
108460
108460
108460
108480
108480
108480
108480
108480
108480
108480
108480
108480
108480
108500
108500
108500
108500
108500
108500
108500
108500
108500
108500
108520
108520
108520
108520
108520
108520
108520
108520
108520
108520
108540
108540
108540
108540
108540
108540
108540
108540
108540
108560
108560
108560
108560
108580
108580
108580
108580
108580
108580
108580
108580
108580
108580
108580
108580
108580
108600
108600
108600
108600
108600
108600
108600
108600
108600
108620
108620
108620
108620
108620
108620
108620
108620
108640
108640
108640
108640
108640
108660
108660
108660
108660
108660
108660
108660
108660
108680
108680
108680
108680
108680
108680
108680
108680
108680
108680
108680
108700
108700
108700
108700
108700
108700
108700
108700
108700
108700
108720
108720
108720
108720
108720
108720
108720
108720
108740
108740
108740
108740
108740
108760
108760
108760
108760
108760
108760
108760
108760
108760
108780
108780
108780
108780
108780
108780
108800
108800
108800
108800
108800
108800
108800
108800
108800
108800
108800
108820
108820
108820
108820
108820
108840
108840
108840
108840
108840
108840
108840
108860
108860
108860
108860
108880
108880
108880
108900
108900
108900
108920
108920
108920
108920
108940
108940
108940
108940
108940
108940
108940
108940
108960
108960
108960
108960
108960
108980
108980
108980
108980
109000
109000
109000
109000
109000
109020
109020
109020
109020
109020
109040
109040
109040
109040
109040
109060
109060
109060
109060
109060
109060
109080
109080
109080
109080
109080
109100
109100
109100
109100
109100
109100
109100
109120
109120
109120
109120
109140
109140
109140
109140
109140
109160
109160
109160
109180
109180
109180
109180
109180
109200
109200
109200
109220
109220
109220
109220
109240
109240
109240
109240
109240
109240
109240
109260
109260
109260
109260
109260
109260
109260
109260
109280
109280
109280
109280
109280
109280
109300
109300
109300
109300
109300
109300
109300
109320
109320
109320
109320
109320
109340
109340
109340
109340
109340
109360
109360
109360
109360
109360
109360
109380
109380
109380
109380
109380
109380
109380
109400
109400
109400
109400
109400
109420
109420
109420
109420
109420
109420
109440
109440
109440
109440
109460
109460
109460
109460
109460
109480
109480
109480
109480
109500
109500
109500
109500
109520
109520
109520
109520
109520
109520
109540
109540
109540
109540
109540
109540
109560
109560
109560
109580
109580
109580
109580
109600
109600
109600
109600
109600
109620
109620
109620
109620
109620
109640
109640
109640
109660
109660
109660
109660
109680
109680
109680
109680
109700
109700
109700
109700
109720
109720
109720
109740
109740
109740
109740
109740
109740
109760
109760
109760
109760
109760
109780
109780
109780
109800
109800
109800
109800
109820
109820
109820
109820
109840
109840
109860
109860
109880
109900
109900
109900
109920
109920
109920
109940
109960
109960
109980
109980
110000
110000
110020
110080
110120
110180
110180
110200
110200
110200
110200
110220
110220
110220
110220
110220
110240
110240
110240
110260
110260
110260
110260
110280
110280
110300
110300
110320
110320
110320
110340
110340
110340
110360
110360
110360
110360
110380
110380
110380
110380
110380
110400
110400
110400
110400
110420
110420
110420
110420
110420
110440
110440
110440
110460
110460
110480
110500
110500
110500
110520
110520
110520
110540
110540
110540
110540
110540
110560
110560
110560
110560
110560
110560
110580
110580
110600
110600
110600
110600
110600
110620
110620
110640
110640
110640
110640
110640
110640
110660
110660
110660
110660
110660
110660
110680
110680
110680
110680
110680
110680
110700
110700
110700
110700
110720
110720
110720
110720
110740
110740
110740
110740
110760
110760
110760
110760
110780
110780
110780
110800
110800
110800
110820
110820
110820
110840
110840
110860
110860
110860
110880
110880
110880
110900
110920
110940
110940
110960
110960
110960
110980
110980
110980
110980
110980
111000
111000
111000
111000
111000
111000
111020
111020
111020
111020
111020
111020
111020
111040
111040
111060
111060
111060
111080
111080
111100
111100
111100
111120
111120
111120
111140
111140
111160
111160
111160
111180
111180
111180
111200
111200
111200
111220
111220
111240
111240
111240
111260
111260
111260
111260
111260
111280
111280
111300
111300
111320
111320
111320
111340
111340
111360
111360
111380
111380
111380
111380
111380
111400
111400
111400
111400
111400
111400
111420
111420
111420
111420
111440
111440
111460
111460
111460
111460
111460
111480
111480
111480
111480
111500
111500
111500
111500
111500
111500
111500
111520
111520
111520
111520
111520
111540
111540
111540
111540
111540
111540
111560
111560
111560
111560
111580
111660
111680
111680
111700
111700
111740
111760
111780
111840
111860
111860
111880
111880
111880
111900
111920
111940
111960
111960
111980
112020
112020
112040
112040
112060
112080
112080
112100
112100
112120
112120
112140
112160
112180
112200
112220
112240
112280
112280
112280
112300
112300
112320
112380
112380
112420
112440
112480
112480
112500
112520
112580
112600
112640
112660
112680
112700
112700
112700
112720
112720
112740
112740
112760
112760
112780
112800
112800
112820
112820
112840
112840
112840
112860
112860
112860
112880
112880
112900
112940
112960
112960
112960
112980
113000
113000
113020
113040
113080
113080
113100
113100
113120
113140
113160
113160
113200
113220
113240
113240
113260
113280
113280
113300
113320
113340
113360
113360
113380
113400
113420
113420
113440
113440
113460
113480
113500
113520
113520
113560
113580
113580
113600
113600
113620
113640
113660
113680
113700
113720
113740
113760
113780
113860
113880
113900
113920
113940
113960
113980
113980
114000
114020
114040
114060
114060
114080
114080
114100
114100
114120
114140
114160
114160
114180
114200
114200
114220
114240
114300
114340
114360
114640
114660
114680
114740
114760
114780
114800
114820
114920
115160
115300
115340
115540
115560
115660
115680
115700
115720
115740
115760
115780
115800
115980
116140
116260
116400
116400
116400
116420
116420
116440
116440
116440
116460
116460
116480
116480
116480
116480
116480
116500
116500
116500
116520
116520
116520
116520
116540
116560
116580
116580
116580
116580
116600
116600
116600
116600
116600
116620
116620
116640
116640
116640
116660
116660
116680
116680
116680
116680
116680
116700
116700
116700
116720
116720
116720
116740
116740
116760
116760
116760
116760
116760
116780
116780
116780
116780
116780
116800
116800
116800
116800
116800
116820
116820
116820
116820
116820
116820
116840
116840
116840
116840
116860
116860
116860
116860
116860
116880
116880
116880
116900
116900
116900
116920
116920
116920
116920
116940
116960
116960
116960
116960
116980
116980
116980
116980
116980
117000
117000
117000
117000
117000
117020
117020
117040
117040
117040
117040
117040
117040
117060
117060
117060
117060
117060
117080
117080
117080
117100
117100
117120
117140
117140
117160
117160
117160
117160
117160
117180
117180
117200
117200
117200
117220
117220
117240
117240
117240
117240
117260
117260
117260
117280
117280
117300
117300
117320
117320
117340
117340
117340
117360
117360
117360
117360
117380
117380
117380
117380
117380
117400
117400
117400
117400
117420
117420
117420
117420
117420
117440
117440
117440
117440
117440
117440
117440
117440
117460
117460
117460
117460
117460
117460
117460
117480
117480
117480
117480
117480
117500
117500
117500
117500
117500
117500
117500
117520
117520
117520
117520
117520
117540
117540
117540
117540
117540
117560
117560
117560
117560
117560
117560
117560
117560
117580
117580
117580
117580
117580
117580
117580
117600
117600
117600
117600
117620
117620
117620
117620
117640
117640
117640
117660
117660
117660
117660
117660
117680
117680
117700
117700
117700
117700
117720
117720
117720
117720
117720
117740
117740
117740
117760
117760
117760
117760
117760
117760
117780
117780
117780
117780
117780
117780
117800
117800
117800
117800
117820
117820
117820
117820
117840
117840
117840
117840
117840
117840
117840
117840
117840
117860
117860
117860
117880
117880
117880
117880
117880
117880
117880
117900
117900
117900
117900
117900
117920
117920
117920
117940
117940
117940
117940
117960
117960
117960
117960
117960
117980
117980
117980
118000
118000
118000
118000
118000
118000
118020
118020
118020
118020
118020
118020
118040
118040
118040
118040
118040
118040
118040
118040
118060
118060
118060
118060
118060
118060
118060
118080
118080
118080
118080
118080
118080
118080
118100
118100
118120
118120
118120
118120
118140
118140
118140
118140
118140
118140
118140
118160
118160
118160
118160
118160
118160
118160
118160
118180
118180
118180
118180
118200
118200
118200
118200
118200
118220
118220
118220
118220
118220
118240
118240
118240
118240
118240
118260
118260
118260
118260
118300
118300
118300
118320
118320
118320
118340
118340
118340
118340
118340
118340
118360
118360
118380
118380
118380
118380
118420
118420
118440
118440
118460
118480
118500
118520
118520
118540
118560
118580
118600
118600
118620
118640
118660
118660
118720
118740
118760
118760
118780
118800
118820
118840
118860
118860
118880
118900
118940
118960
118960
118980
119000
119020
119080
119080
119120
119160
119180
119220
119220
119240
119260
119260
119280
119280
119300
119320
119320
119340
119360
119360
119380
119400
119420
119440
119460
119460
119480
119560
119580
119600
119600
119640
119700
119700
119720
119720
119740
119780
119800
119800
119820
119820
119840
119840
119860
119860
119900
120020
120040
120100
120220
120240
120260
120340
120360
120380
120400
120420
120640
120720
120800
120960
121000
121020
121040
121060
121060
121920
122060
122060
122060
122060
122060
122080
122080
122080
122080
122100
122100
122100
122100
122120
122120
122120
122120
122140
122160
122180
122200
122220
122240
122240
122260
122260
122260
122280
122280
122280
122300
122300
122300
122320
122320
122340
122360
122380
122380
122420
122460
122460
122480
122480
122500
122520
122600
122640
122640
122680
122700
122700
122780
122800
122800
122820
122840
122860
122860
122900
122920
122920
122940
122940
122940
122960
122960
122960
122960
122980
123000
123000
123040
123040
123060
123060
123080
123080
123080
123100
123100
123100
123120
123120
123120
123120
123140
123140
123140
123160
123160
123160
123160
123160
123160
123160
123180
123180
123180
123180
123200
123200
123200
123200
123220
123220
123220
123220
123220
123220
123240
123240
123240
123240
123240
123260
123260
123260
123260
123260
123280
123280
123280
123280
123280
123300
123300
123300
123300
123300
123300
123300
123320
123320
123320
123320
123320
123320
123320
123320
123320
123320
123320
123340
123340
123340
123340
123340
123340
123340
123340
123340
123340
123360
123360
123360
123360
123360
123380
123380
123380
123380
123380
123380
123380
123380
123380
123400
123400
123400
123400
123400
123400
123400
123400
123400
123400
123400
123400
123400
123400
123420
123420
123420
123420
123420
123440
123440
123440
123440
123440
123440
123460
123460
123480
123480
123480
123480
123480
123480
123480
123480
123500
123500
123500
123500
123500
123500
123500
123500
123500
123520
123520
123520
123520
123520
123520
123520
123540
123540
123540
123540
123540
123540
123560
123560
123560
123560
123560
123560
123560
123560
123560
123580
123580
123580
123580
123580
123580
123600
123600
123600
123600
123600
123600
123600
123600
123600
123600
123600
123620
123620
123620
123620
123620
123620
123620
123620
123620
123640
123640
123640
123640
123640
123640
123640
123660
123660
123660
123660
123660
123680
123680
123680
123680
123680
123680
123680
123680
123700
123700
123700
123720
123720
123720
123720
123720
123720
123740
123740
123740
123740
123740
123740
123760
123760
123760
123760
123760
123780
123780
123800
123800
123800
123820
123820
123820
123820
123820
123840
123860
123860
123860
123860
123860
123860
123860
123860
123880
123880
123880
123880
123880
123900
123900
123900
123920
123920
123920
123940
123940
123960
123960
123960
123980
123980
123980
123980
124000
124000
124000
124000
124000
124020
124020
124040
124040
124040
124040
124060
124060
124080
124080
124080
124080
124080
124100
124100
124100
124120
124120
124120
124140
124160
124160
124160
124180
124200
124220
124280
124280
124280
124280
124320
124320
124340
124340
124360
124360
124380
124400
124400
124420
124420
124440
124440
124440
124440
124460
124460
124480
124480
124480
124480
124500
124500
124500
124520
124520
124520
124520
124540
124540
124540
124540
124540
124540
124540
124560
124560
124560
124560
124580
124580
124600
124600
124600
124600
124600
124600
124620
124620
124620
124620
124640
124640
124640
124640
124640
124660
124660
124660
124660
124660
124680
124680
124680
124680
124680
124680
124680
124700
124700
124720
124720
124740
124740
124740
124760
124760
124760
124760
124760
124780
124780
124800
124800
124800
124800
124820
124820
124820
124840
124860
124860
124860
124860
124860
124860
124860
124880
124880
124880
124880
124880
124880
124880
124880
124900
124900
124900
124900
124920
124920
124920
124940
124940
124940
124960
124960
124980
124980
124980
125020
125020
125040
125040
125060
125060
125060
125060
125080
125100
125100
125100
125100
125120
125120
125120
125140
125140
125140
125160
125160
125160
125160
125160
125160
125180
125180
125180
125200
125220
125220
125220
125240
125240
125240
125260
125260
125260
125260
125280
125280
125280
125300
125300
125300
125300
125300
125300
125320
125320
125320
125320
125340
125340
125340
125360
125360
125360
125380
125380
125380
125380
125380
125400
125400
125400
125400
125400
125400
125400
125400
125400
125400
125420
125420
125420
125420
125420
125420
125420
125420
125420
125440
125440
125440
125440
125440
125440
125440
125440
125460
125460
125460
125460
125460
125480
125480
125480
125480
125480
125480
125500
125500
125500
125500
125500
125520
125520
125520
125520
125520
125540
125540
125540
125540
125540
125560
125560
125580
125580
125580
125580
125600
125600
125600
125620
125620
125620
125620
125640
125640
125660
125660
125660
125660
125680
125680
125680
125700
125700
125700
125720
125720
125740
125740
125760
125760
125760
125780
125780
125800
125800
125800
125820
125820
125820
125840
125840
125840
125840
125860
125860
125880
125880
125880
125900
125900
125900
125900
125900
125920
125920
125920
125920
125920
125920
125940
125940
125940
125960
125960
125960
125960
125960
125960
125980
125980
125980
125980
126000
126000
126000
126000
126020
126020
126020
126040
126040
126040
126060
126060
126060
126080
126080
126080
126080
126100
126100
126100
126100
126120
126120
126120
126120
126140
126140
126140
126140
126140
126140
126140
126160
126160
126160
126160
126180
126180
126180
126180
126180
126200
126200
126200
126200
126200
126220
126220
126220
126220
126240
126240
126240
126240
126240
126240
126240
126260
126260
126260
126260
126260
126280
126280
126280
126280
126280
126300
126300
126300
126300
126300
126320
126320
126320
126320
126320
126320
126340
126340
126340
126340
126340
126360
126360
126360
126360
126360
126360
126360
126360
126380
126380
126380
126380
126380
126380
126380
126400
126400
126400
126400
126400
126420
126420
126420
126420
126420
126440
126440
126440
126440
126440
126460
126460
126460
126460
126460
126460
126480
126480
126480
126500
126500
126500
126500
126500
126500
126520
126520
126540
126540
126540
126540
126560
126560
126560
126560
126580
126580
126580
126600
126600
126600
126600
126620
126620
126620
126620
126620
126620
126620
126640
126640
126640
126640
126640
126640
126660
126660
126660
126660
126680
126680
126680
126680
126680
126700
126700
126720
126720
126720
126720
126740
126740
126740
126740
126740
126740
126760
126760
126760
126760
126760
126760
126780
126780
126780
126780
126780
126800
126800
126820
126820
126820
126820
126840
126840
126840
126840
126860
126860
126860
126880
126880
126880
126880
126900
126900
126900
126900
126900
126900
126900
126920
126920
126920
126920
126940
126940
126940
126940
126960
126960
126960
126960
126960
126980
126980
127000
127000
127000
127020
127020
127020
127040
127040
127060
127060
127060
127060
127060
127060
127080
127080
127080
127080
127080
127100
127100
127120
127120
127120
127160
127160
127160
127180
127180
127180
127180
127180
127180
127200
127200
127200
127200
127200
127200
127220
127220
127220
127220
127220
127240
127240
127240
127240
127240
127260
127260
127260
127260
127260
127280
127280
127280
127300
127300
127300
127300
127300
127320
127320
127320
127320
127340
127340
127360
127360
127360
127360
127380
127380
127400
127420
127420
127420
127440
127460
127460
127480
127500
127520
127520
127540
127540
127540
127540
127560
127560
127560
127560
127560
127580
127580
127600
127600
127620
127620
127660
127680
127680
127680
127700
127700
127720
127720
127720
127740
127740
127740
127740
127760
127760
127760
127760
127780
127780
127780
127780
127780
127800
127820
127840
127840
127840
127840
127860
127860
127860
127880
127880
127880
127880
127900
127900
127900
127900
127900
127900
127920
127920
127920
127940
127960
127960
127960
127960
127980
128000
128000
128000
128000
128000
128000
128020
128020
128020
128020
128040
128060
128080
128080
128100
128100
128120
128120
128140
128140
128140
128140
128160
128180
128180
128200
128200
128200
128200
128200
128220
128220
128260
128260
128260
128280
128280
128300
128300
128300
128300
128320
128320
128340
128340
128360
128400
128400
128400
128420
128420
128420
128420
128420
128420
128440
128440
128440
128460
128460
128460
128460
128480
128480
128480
128500
128500
128500
128520
128520
128520
128520
128520
128540
128540
128540
128540
128540
128560
128560
128580
128580
128580
128580
128600
128600
128600
128600
128620
128620
128620
128620
128640
128640
128640
128660
128660
128660
128660
128660
128660
128680
128680
128700
128700
128700
128720
128720
128740
128740
128740
128740
128740
128760
128760
128760
128760
128780
128780
128780
128780
128800
128800
128820
128820
128820
128820
128840
128840
128840
128840
128860
128860
128880
128900
128900
128900
128920
128920
128920
128920
128940
128940
128940
128960
128960
128980
128980
128980
128980
129000
129020
129020
129040
129060
129060
129060
129060
129080
129080
129080
129080
129100
129100
129100
129100
129120
129120
129120
129140
129140
129140
129140
129140
129160
129160
129160
129160
129160
129180
129180
129180
129200
129200
129200
129220
129220
129240
129240
129240
129240
129260
129260
129260
129260
129280
129280
129280
129300
129300
129300
129300
129320
129320
129320
129320
129340
129340
129340
129360
129360
129360
129380
129380
129400
129400
129400
129400
129420
129420
129420
129460
129460
129480
129480
129500
129520
129540
129540
129560
129560
129580
129580
129600
129600
129600
129600
129600
129620
129620
129620
129640
129640
129660
129660
129660
129680
129700
129700
129720
129720
129740
129760
129780
129780
129780
129800
129800
129820
129820
129840
129840
129860
129860
129860
129880
129880
129900
129920
129920
129940
129960
129960
129980
129980
130000
130020
130020
130040
130060
130080
130080
130080
130100
130100
130120
130120
130120
130120
130140
130140
130140
130180
130220
130220
130260
130260
130380
130460
130500
130520
146640
150660
173460
173480
173500
173520
173540
173560
173580
173640
173800
173840
173860
173860
173880
173900
173900
173900
173920
173920
173920
173940
173980
173980
174000
174000
174060
174120
174120
174140
174160
174200
174220
174220
174240
174240
174260
174260
174280
174300
174360
174360
174400
174540
174560
174600
174620
174640
174660
174660
174660
174680
174680
174680
174680
174700
174700
174700
174700
174720
174720
174720
174740
174760
174800
174800
174800
174820
174840
174840
174860
174860
174880
174900
174900
174940
174980
174980
175000
175020
175140
175140
175140
175160
175180
175200
175200
175220
175240
175260
175260
175280
175280
175300
175300
175300
175300
175300
175300
175320
175320
175340
175340
175340
175340
175360
175360
175360
175360
175360
175380
175380
175400
175400
175420
175420
175420
175420
175420
175420
175440
175440
175460
175460
175480
175480
175480
175500
175500
175500
175520
175520
175520
175540
175540
175540
175560
175560
175580
175600
175620
175620
175640
175640
175660
175660
175680
175700
175700
175720
175720
175720
175740
175740
175740
175760
175760
175760
175780
175780
175780
175780
175780
175800
175800
175800
175820
175820
175820
175820
175840
175840
175840
175860
175860
175860
175880
175880
175880
175900
175920
175940
175960
175980
175980
176000
176040
176040
176080
176100
176120
176120
176120
176140
176140
176140
176140
176160
176160
176160
176160
176160
176180
176180
176180
176180
176200
176200
176200
176220
176220
176220
176240
176240
176240
176260
176260
176260
176260
176260
176280
176280
176300
176300
176300
176320
176320
176340
176340
176360
176360
176380
176420
176440
176440
176460
176480
176520
176520
176540
176540
176540
176540
176600
176780
176840
176900
176920
177060
177080
177500
177540
177560
177580
177600
177620
177640
177660
177680
177700
177720
177740
177760
177780
177800
177820
177840
177860
177880
177900
177920
177940
178000
178020
178040
178060
178080
178100
178120
178140
178160
178180
178200
178220
178240
178260
178280
178300
178320
178340
178340
178360
178360
178380
178400
178420
178420
178440
178440
178460
178480
178480
178500
178520
178540
178560
178560
178580
178600
178620
178640
178640
178720
178720
178720
178740
178740
178760
178780
178800
178800
178820
178820
178820
178840
178840
178840
178860
178860
178880
178880
178880
178880
178880
178900
178900
178900
178900
178920
178920
178920
178920
178920
178940
178940
178940
178960
178960
178960
178960
178980
178980
178980
179000
179000
179020
179020
179020
179020
179040
179040
179040
179060
179060
179060
179080
179100
179120
179120
179140
179140
179140
179160
179180
179180
179200
179200
179200
179200
179220
179220
179220
179240
179240
179260
179320
179340
179340
179360
179360
179360
179380
179380
179400
179400
179420
179420
179440
179440
179440
179460
179460
179480
179480
179500
179500
179500
179520
179520
179520
179540
179540
179540
179560
179560
179580
179580
179580
179600
179600
179620
179620
179640
179640
179660
179700
179740
179740
179760
179760
179780
179800
179800
179820
179820
179840
179860
179860
179880
179880
179960
180020
180060
180080
180100
180100
180180
180180
180200
180220
180260
180260
180260
180280
180280
180300
180300
180320
180320
180340
180340
180340
180360
180380
180380
180400
180400
180420
180440
180460
180460
180480
180480
180500
180500
180520
180520
180540
180560
180580
180600
180640
180660
180660
180680
180680
180700
180700
180700
180720
180780
180800
180800
180800
180820
180820
180840
180840
180860
180900
180920
180920
180940
180940
180960
181020
181080
181080
181120
181140
181220
181260
181300
181320
181340
181400
181420
181420
181500
181540
181540
181600
181600
181620
181620
181620
181620
181620
181620
181620
181640
181640
181640
181640
181640
181640
181640
181640
181640
181640
181640
181640
181640
181640
181640
181640
181660
181660
181660
181660
181660
181660
181660
181660
181660
181680
181680
181680
181680
181680
181680
181680
181700
181700
181700
181700
181700
181700
181700
181700
181720
181720
181720
181720
181720
181720
181720
181720
181720
181720
181740
181740
181740
181740
181740
181740
181740
181740
181760
181760
181760
181760
181760
181760
181760
181760
181780
181780
181780
181780
181780
181780
181780
181780
181780
181780
181800
181800
181800
181800
181800
181800
181800
181800
181820
181820
181820
181820
181840
181840
181840
181840
181840
181860
181860
181860
181860
181860
181860
181880
181880
181880
181880
181880
181880
181900
181900
181900
181900
181900
181900
181900
181900
181900
181900
181900
181900
181900
181900
181920
181920
181920
181920
181920
181920
181920
181920
181920
181920
181940
181940
181940
181940
181940
181940
181940
181940
181960
181960
181960
181960
181960
181960
181960
181960
181960
181980
181980
181980
181980
181980
181980
181980
181980
181980
182000
182000
182000
182000
182000
182000
182000
182000
182000
182000
182020
182020
182020
182020
182020
182020
182020
182020
182020
182020
182020
182020
182020
182020
182040
182040
182040
182040
182040
182040
182040
182040
182040
182060
182060
182060
182060
182060
182060
182060
182060
182060
182060
182080
182080
182080
182080
182080
182080
182080
182080
182100
182100
182100
182100
182120
182120
182120
182120
182120
182120
182120
182120
182120
182140
182140
182140
182140
182140
182140
182140
182140
182140
182140
182140
182140
182140
182140
182140
182140
182160
182160
182160
182160
182160
182160
182160
182160
182160
182160
182160
182160
182180
182180
182180
182180
182180
182180
182200
182200
182200
182200
182200
182200
182200
182200
182200
182200
182200
182200
182200
182200
182220
182220
182220
182220
182220
182220
182220
182240
182240
182240
182240
182240
182240
182240
182240
182240
182240
182240
182260
182260
182260
182260
182260
182260
182260
182280
182280
182280
182280
182280
182280
182280
182280
182280
182280
182280
182280
182300
182300
182300
182300
182300
182300
182300
182300
182300
182300
182300
182300
182320
182320
182320
182320
182320
182320
182320
182320
182320
182320
182340
182340
182340
182340
182340
182340
182340
182340
182340
182340
182340
182360
182360
182360
182360
182360
182360
182360
182360
182360
182380
182380
182380
182380
182380
182380
182380
182380
182380
182380
182380
182380
182400
182400
182400
182400
182400
182400
182400
182400
182400
182400
182400
182420
182420
182420
182420
182420
182420
182420
182420
182420
182420
182420
182420
182440
182440
182440
182440
182440
182440
182440
182440
182440
182440
182440
182440
182440
182440
182460
182460
182460
182460
182460
182460
182460
182460
182460
182460
182460
182460
182460
182460
182460
182460
182480
182480
182480
182480
182480
182480
182480
182480
182480
182480
182480
182480
182480
182480
182480
182480
182480
182500
182500
182500
182500
182500
182500
182500
182500
182500
182500
182500
182500
182500
182500
182520
182520
182520
182520
182520
182520
182520
182520
182520
182520
182520
182520
182520
182520
182540
182540
182540
182540
182540
182540
182540
182540
182540
182540
182540
182540
182560
182560
182560
182560
182560
182560
182560
182560
182560
182560
182560
182560
182580
182580
182580
182580
182580
182580
182580
182580
182580
182580
182580
182580
182580
182580
182580
182580
182600
182600
182600
182600
182600
182600
182600
182600
182600
182600
182600
182600
182620
182620
182620
182620
182620
182620
182620
182620
182620
182620
182640
182640
182640
182640
182640
182640
182640
182640
182640
182660
182660
182660
182660
182660
182660
182660
182660
182660
182660
182680
182680
182680
182680
182680
182680
182680
182680
182680
182680
182680
182700
182700
182700
182700
182700
182700
182700
182720
182720
182720
182720
182720
182720
182720
182720
182720
182720
182720
182740
182740
182740
182740
182740
182740
182740
182740
182740
182740
182740
182740
182760
182760
182760
182760
182760
182760
182760
182760
182760
182760
182760
182760
182780
182780
182780
182780
182780
182780
182780
182780
182780
182780
182780
182800
182800
182800
182800
182800
182800
182800
182800
182800
182800
182800
182800
182800
182800
182820
182820
182820
182820
182820
182820
182820
182820
182820
182820
182820
182820
182820
182820
182840
182840
182840
182840
182840
182840
182840
182840
182840
182840
182840
182840
182860
182860
182860
182860
182860
182860
182860
182860
182860
182860
182860
182880
182880
182880
182880
182880
182880
182880
182880
182880
182880
182880
182880
182900
182900
182900
182900
182900
182900
182900
182900
182920
182920
182920
182920
182920
182920
182920
182920
182940
182940
182940
182960
182960
182960
182980
182980
182980
182980
183000
183000
183000
183000
183000
183020
183020
183020
183020
183040
183040
183060
183080
183080
183080
183100
183100
183120
183120
183120
183120
183140
183140
183140
183140
183160
183180
183180
183200
183240
183240
183240
183240
183260
183280
183320
183340
183340
183340
183340
183360
183360
183380
183380
183400
183400
183420
183420
183440
183440
183440
183460
183460
183460
183460
183460
183480
183480
183500
183500
183520
183520
183540
183540
183560
183560
183580
183580
183600
183600
183620
183620
183640
183660
183680
183700
183700
183720
183720
183740
183740
183760
183760
183780
183800
183800
183800
183820
183820
183840
183840
183860
183860
183880
183880
183900
183900
183920
183920
183940
183940
183960
183960
183980
183980
184000
184020
184040
184060
184080
184100
184100
184120
184140
184140
184160
184180
184200
184220
184240
184260
184260
184280
184300
184320
184340
184360
184380
184400
184420
184440
184460
184480
184500
184500
184520
184520
184540
184540
184560
184560
184580
184580
184580
184600
184600
184600
184620
184620
184640
184640
184640
184660
184660
184680
184680
184680
184700
184700
184700
184720
184720
184720
184740
184740
184740
184760
184760
184760
184760
184780
184780
184780
184800
184800
184800
184820
184820
184820
184840
184840
184840
184860
184860
184860
184880
184880
184880
184900
184900
184920
184920
184920
184940
184940
184960
184980
184980
185000
185000
185020
185020
185020
185040
185040
185040
185060
185060
185080
185100
185120
185140
185160
185160
185180
185200
185200
185220
185240
185260
185260
185280
185300
185320
185340
185360
185380
185400
185400
185420
185440
185440
185460
185460
185480
185480
185500
185500
185520
185520
185540
185540
185540
185560
185560
185560
185580
185580
185580
185600
185600
185600
185620
185620
185620
185640
185640
185640
185660
185680
185700
185720
185720
185740
185740
185760
185760
185780
185800
185820
185840
185860
185880
185900
185920
185940
185940
185960
185960
185980
185980
186000
186000
186020
186020
186040
186040
186060
186060
186080
186080
186080
186100
186120
186140
186160
186180
186200
186220
186220
186220
186220
186240
186240
186260
186260
186260
186280
186280
186280
186300
186300
186300
186300
186320
186320
186340
186340
186340
186360
186360
186360
186380
186380
186400
186400
186400
186420
186440
186440
186460
186480
186480
186500
186500
186520
186520
186540
186540
186560
186560
186580
186580
186600
186600
186620
186620
186640
186640
186660
186660
186660
186680
186680
186680
186700
186700
186700
186720
186720
186720
186740
186740
186740
186740
186760
186760
186760
186780
186780
186780
186780
186800
186800
186800
186820
186820
186820
186840
186840
186840
186860
186860
186860
186880
186880
186880
186880
186900
186900
186900
186900
186900
186920
186920
186920
186940
186940
186940
186960
186960
186960
186960
186980
186980
186980
186980
186980
187000
187000
187000
187020
187020
187040
187040
187040
187060
187060
187060
187060
187060
187060
187060
187060
187060
187060
187080
187080
187080
187080
187080
187080
187080
187080
187080
187080
187080
187080
187080
187080
187080
187080
187080
187080
187080
187080
187080
187080
187080
187080
187080
187080
187100
187100
187100
187100
187100
187100
187100
187100
187100
187100
187100
187100
187100
187100
187100
187100
187100
187100
187100
187100
187100
187100
187100
187100
187120
187120
187120
187120
187120
187120
187120
187120
187120
187120
187120
187120
187120
187120
187120
187120
187120
187140
187140
187140
187140
187140
187140
187140
187140
187140
187140
187140
187160
187160
187160
187160
187160
187160
187160
187160
187160
187160
187160
187160
187160
187160
187160
187180
187180
187180
187180
187180
187180
187180
187180
187200
187200
187200
187200
187200
187220
187220
187220
187220
187220
187240
187240
187260
187260
187260
187260
187260
187280
187280
187280
187280
187280
187280
187280
187280
187300
187300
187300
187300
187300
187300
187320
187320
187320
187320
187320
187320
187340
187340
187340
187340
187340
187340
187340
187340
187360
187360
187360
187360
187360
187360
187360
187380
187380
187380
187380
187380
187400
187400
187400
187420
187420
187420
187420
187420
187420
187420
187420
187440
187440
187440
187440
187440
187460
187460
187460
187460
187480
187480
187480
187480
187480
187500
187500
187500
187520
187520
187520
187520
187520
187520
187520
187520
187540
187540
187540
187540
187540
187540
187540
187540
187560
187560
187560
187560
187560
187560
187560
187560
187560
187580
187580
187580
187580
187580
187580
187580
187580
187600
187600
187600
187600
187600
187600
187600
187600
187620
187620
187620
187620
187620
187620
187620
187620
187620
187620
187640
187640
187640
187640
187640
187640
187640
187660
187660
187660
187660
187660
187660
187680
187680
187680
187680
187680
187680
187700
187700
187700
187700
187700
187700
187700
187700
187700
187700
187720
187720
187720
187720
187720
187720
187720
187720
187720
187720
187720
187740
187740
187740
187740
187740
187740
187740
187740
187740
187740
187760
187760
187760
187760
187760
187760
187760
187760
187760
187760
187760
187760
187760
187780
187780
187780
187780
187780
187780
187780
187780
187780
187780
187780
187800
187800
187800
187800
187800
187800
187800
187800
187800
187820
187820
187820
187820
187820
187820
187840
187840
187840
187840
187840
187840
187840
187840
187840
187840
187860
187860
187860
187860
187860
187860
187860
187860
187860
187860
187860
187880
187880
187880
187880
187880
187880
187880
187880
187880
187880
187880
187880
187900
187900
187900
187900
187900
187900
187900
187900
187900
187900
187900
187920
187920
187920
187920
187920
187920
187920
187920
187940
187940
187940
187940
187940
187940
187940
187940
187960
187960
187960
187960
187960
187960
187960
187960
187980
187980
187980
187980
187980
187980
187980
187980
187980
187980
187980
187980
187980
187980
187980
188000
188000
188000
188000
188000
188000
188000
188000
188000
188000
188000
188000
188000
188000
188020
188020
188020
188020
188020
188020
188020
188020
188020
188020
188040
188040
188040
188040
188040
188040
188040
188040
188060
188060
188060
188060
188060
188060
188060
188080
188080
188080
188080
188080
188080
188080
188080
188080
188080
188080
188080
188080
188080
188100
188100
188100
188100
188100
188100
188100
188100
188120
188120
188120
188120
188120
188120
188120
188120
188140
188140
188140
188140
188140
188140
188140
188140
188140
188160
188160
188160
188160
188160
188160
188160
188180
188180
188180
188180
188180
188200
188200
188200
188200
188200
188200
188200
188200
188200
188220
188220
188220
188220
188220
188220
188220
188220
188220
188220
188220
188240
188240
188240
188240
188240
188240
188240
188260
188260
188260
188260
188260
188260
188280
188280
188280
188280
188280
188280
188280
188280
188280
188300
188300
188300
188300
188300
188300
188300
188320
188320
188320
188320
188320
188320
188320
188320
188340
188340
188340
188340
188340
188340
188340
188340
188340
188360
188360
188360
188360
188360
188360
188360
188360
188360
188380
188380
188380
188380
188380
188380
188380
188380
188380
188380
188380
188400
188400
188400
188400
188400
188400
188400
188420
188420
188420
188440
188440
188440
188440
188440
188460
188460
188460
188480
188480
188480
188480
188500
188500
188500
188500
188500
188500
188500
188520
188520
188520
188540
188540
188540
188540
188540
188540
188540
188560
188560
188560
188560
188580
188580
188580
188600
188600
188620
188620
188640
188640
188660
188680
188680
188700
188700
188700
188720
188720
188740
188760
188760
188780
188780
188800
188820
188840
188840
188860
188860
188880
188900
188920
188940
188960
188980
189000
189020
189040
189060
189080
189100
189120
189140
189160
189160
189180
189200
189220
189240
189260
189260
189280
189300
189320
189340
189360
189380
189400
189420
189440
189460
189480
189500
189500
189500
189520
189520
189540
189560
189580
189600
189600
189620
189620
189640
189640
189660
189660
189680
189700
189700
189720
189740
189760
189780
189800
189820
189840
189840
189860
189880
189900
189920
189920
189940
189940
189960
189960
189980
189980
190000
190000
190020
190040
190060
190060
190080
190080
190100
190100
190120
190120
190140
190160
190180
190200
190200
190200
190220
190220
190240
190240
190260
190260
190260
190260
190280
190280
190280
190300
190300
190300
190320
190320
190340
190340
190340
190360
190360
190360
190380
190380
190380
190380
190400
190400
190400
190420
190420
190420
190440
190440
190440
190460
190460
190480
190480
190480
190480
190480
190500
190500
190500
190520
190520
190520
190540
190540
190540
190540
190560
190560
190560
190560
190580
190580
190580
190580
190600
190600
190600
190600
190620
190620
190620
190640
190640
190640
190640
190660
190660
190680
190680
190700
190700
190700
190700
190700
190720
190720
190720
190740
190740
190760
190760
190780
190780
190800
190820
190820
190840
190840
190860
190860
190880
190880
190880
190960
190980
191020
191060
191060
191060
191060
191060
191080
191080
191080
191080
191080
191080
191100
191100
191100
191100
191100
191120
191120
191120
191120
191140
191140
191140
191160
191160
191160
191180
191180
191180
191200
191200
191220
191220
191220
191240
191240
191240
191240
191260
191260
191260
191260
191280
191280
191280
191280
191280
191300
191300
191300
191300
191300
191320
191320
191320
191320
191340
191340
191360
191380
191380
191380
191380
191400
191400
191400
191420
191420
191420
191420
191440
191440
191440
191440
191440
191460
191460
191460
191460
191460
191480
191480
191480
191480
191480
191480
191480
191500
191500
191500
191500
191500
191500
191520
191520
191520
191520
191520
191540
191540
191540
191540
191560
191560
191560
191560
191560
191580
191580
191580
191580
191600
191600
191600
191600
191600
191620
191620
191620
191620
191640
191640
191640
191640
191640
191660
191660
191660
191660
191660
191680
191680
191680
191700
191700
191700
191720
191720
191740
191740
191740
191760
191760
191760
191780
191780
191780
191800
191820
191820
191840
191840
191860
191880
191900
191900
191900
191920
191940
191940
191940
191940
191940
191940
191940
191960
191960
191960
191960
191960
191960
191980
191980
191980
191980
191980
191980
191980
192000
192000
192020
192020
192020
192020
192040
192040
192040
192040
192040
192040
192060
192060
192060
192060
192060
192060
192060
192060
192080
192100
192100
192100
192100
192100
192120
192120
192140
192140
192160
192160
192160
192180
192180
192200
192200
192200
192220
192220
192240
192240
192260
192260
192280
192280
192280
192300
192300
192300
192320
192320
192340
192360
192380
192400
192400
192400
192420
192440
192460
192480
192500
192500
192520
192520
192520
192540
192540
192540
192560
192560
192580
192580
192600
192620
192640
192660
192680
192700
192720
192740
192760
192780
192800
192800
192820
192840
192860
192880
192900
192900
192920
192920
192920
192920
192940
192940
192960
192960
192980
192980
192980
192980
193000
193000
193020
193020
193020
193040
193060
193060
193080
193100
193100
193100
193120
193120
193120
193140
193140
193160
193160
193160
193180
193180
193180
193200
193220
193240
193240
193260
193280
193300
193320
193320
193340
193360
193360
193380
193380
193380
193380
193400
193400
193420
193420
193440
193460
193480
193480
193500
193500
193500
193520
193520
193520
193540
193540
193560
193560
193580
193580
193580
193580
193580
193600
193600
193600
193620
193620
193620
193640
193640
193640
193660
193660
193660
193680
193680
193700
193700
193700
193700
193720
193720
193740
193740
193760
193780
193800
193840
193840
193860
193860
193860
193880
193880
193900
193920
193940
193940
193960
193960
193980
193980
194000
194000
194020
194040
194040
194040
194040
194040
194040
194040
194040
194040
194040
194040
194040
194040
194040
194040
194040
194040
194040
194040
194040
194040
194040
194060
194060
194060
194060
194060
194060
194060
194060
194060
194060
194060
194060
194060
194060
194060
194060
194060
194080
194080
194080
194080
194080
194080
194080
194080
194080
194100
194100
194100
194100
194100
194100
194100
194100
194100
194100
194120
194120
194120
194120
194120
194120
194120
194120
194120
194140
194140
194140
194140
194140
194140
194140
194160
194160
194160
194160
194160
194160
194160
194160
194160
194160
194160
194160
194160
194180
194180
194180
194180
194180
194180
194200
194200
194200
194200
194200
194200
194200
194200
194200
194200
194220
194220
194220
194220
194220
194220
194220
194220
194220
194220
194220
194220
194240
194240
194240
194240
194240
194240
194240
194240
194240
194240
194240
194260
194260
194260
194260
194260
194260
194260
194260
194260
194260
194260
194280
194280
194280
194280
194280
194280
194280
194300
194300
194300
194300
194320
194320
194320
194320
194320
194320
194320
194320
194320
194340
194340
194340
194340
194340
194340
194340
194340
194360
194360
194360
194360
194360
194380
194380
194380
194380
194380
194380
194400
194400
194400
194400
194400
194400
194400
194400
194400
194400
194420
194420
194420
194420
194420
194440
194440
194440
194440
194460
194460
194480
194480
194480
194500
194500
194500
194500
194500
194500
194500
194500
194500
194520
194520
194520
194520
194520
194520
194520
194520
194540
194540
194540
194540
194540
194540
194540
194540
194540
194540
194540
194540
194540
194560
194560
194560
194560
194560
194560
194580
194580
194580
194580
194580
194580
194580
194580
194580
194600
194600
194600
194600
194600
194600
194600
194620
194620
194620
194620
194620
194620
194620
194640
194640
194640
194640
194640
194640
194660
194660
194660
194660
194660
194660
194660
194660
194660
194680
194680
194680
194680
194680
194680
194680
194700
194700
194700
194700
194700
194700
194700
194700
194720
194720
194720
194720
194720
194720
194720
194720
194720
194720
194720
194740
194740
194740
194740
194740
194740
194740
194740
194760
194760
194760
194760
194760
194760
194760
194780
194780
194780
194780
194780
194780
194780
194780
194800
194800
194800
194800
194800
194800
194800
194800
194820
194820
194820
194820
194820
194820
194820
194840
194840
194840
194840
194840
194860
194860
194860
194860
194860
194860
194860
194880
194880
194880
194880
194880
194880
194880
194880
194880
194880
194880
194900
194900
194900
194900
194900
194900
194900
194920
194920
194920
194920
194920
194920
194920
194920
194940
194940
194940
194940
194940
194940
194940
194940
194940
194960
194960
194960
194960
194960
194960
194960
194960
194960
194960
194960
194980
194980
194980
194980
194980
194980
194980
194980
194980
194980
195000
195000
195000
195000
195000
195000
195000
195000
195000
195020
195020
195020
195020
195020
195020
195020
195020
195040
195040
195040
195040
195040
195040
195040
195060
195060
195060
195060
195060
195060
195060
195060
195060
195060
195080
195080
195080
195080
195080
195080
195100
195100
195100
195100
195100
195100
195100
195120
195120
195120
195120
195120
195140
195140
195140
195140
195160
195160
195160
195160
195160
195160
195180
195180
195180
195180
195180
195180
195180
195200
195200
195200
195200
195200
195200
195200
195220
195220
195220
195220
195220
195220
195240
195240
195240
195240
195240
195240
195240
195260
195260
195260
195280
195280
195280
195300
195300
195300
195320
195320
195320
195320
195320
195320
195340
195340
195340
195340
195340
195340
195340
195340
195360
195360
195360
195360
195380
195380
195380
195380
195380
195380
195380
195400
195400
195400
195400
195400
195400
195400
195400
195400
195400
195420
195420
195420
195420
195420
195420
195420
195440
195440
195440
195440
195440
195440
195440
195440
195460
195460
195460
195460
195460
195460
195460
195460
195460
195460
195460
195480
195480
195480
195480
195480
195480
195500
195500
195500
195500
195500
195500
195520
195520
195520
195520
195520
195520
195540
195540
195540
195540
195540
195540
195560
195560
195560
195560
195560
195560
195560
195560
195580
195580
195580
195580
195580
195580
195580
195580
195580
195580
195600
195600
195600
195600
195600
195600
195600
195600
195600
195600
195600
195600
195600
195600
195600
195620
195620
195620
195620
195620
195620
195620
195620
195620
195620
195640
195640
195640
195640
195640
195640
195640
195640
195660
195660
195660
195660
195660
195660
195660
195660
195660
195680
195680
195680
195680
195680
195680
195680
195680
195680
195680
195680
195700
195700
195700
195700
195700
195700
195700
195700
195700
195700
195700
195700
195700
195720
195720
195720
195720
195720
195720
195720
195720
195720
195720
195720
195720
195720
195720
195740
195740
195740
195740
195740
195740
195740
195740
195740
195740
195760
195760
195760
195760
195760
195760
195760
195760
195760
195760
195760
195760
195780
195780
195780
195780
195780
195780
195780
195780
195780
195780
195780
195800
195800
195800
195800
195800
195800
195800
195800
195800
195800
195800
195800
195800
195820
195820
195820
195820
195820
195820
195820
195820
195820
195820
195840
195840
195840
195840
195840
195840
195840
195840
195840
195840
195840
195840
195860
195860
195860
195860
195860
195860
195860
195860
195860
195860
195860
195860
195880
195880
195880
195880
195880
195880
195880
195880
195880
195880
195900
195900
195900
195900
195900
195900
195900
195900
195920
195920
195920
195920
195920
195920
195920
195920
195920
195920
195940
195940
195940
195940
195940
195940
195940
195940
195940
195940
195940
195940
195940
195960
195960
195960
195960
195960
195960
195960
195960
195980
195980
195980
195980
195980
195980
195980
195980
195980
195980
195980
196000
196000
196000
196000
196000
196000
196000
196000
196000
196000
196000
196000
196000
196020
196020
196020
196020
196020
196020
196020
196020
196020
196040
196040
196040
196040
196040
196040
196040
196040
196040
196040
196040
196040
196040
196040
196060
196060
196060
196060
196060
196060
196060
196060
196060
196060
196060
196060
196060
196080
196080
196080
196080
196080
196080
196080
196080
196080
196080
196080
196080
196100
196100
196100
196100
196100
196100
196100
196100
196120
196120
196120
196120
196120
196120
196120
196120
196120
196120
196140
196140
196140
196140
196140
196140
196140
196140
196140
196140
196140
196140
196160
196160
196160
196160
196160
196160
196160
196160
196160
196180
196180
196180
196180
196180
196180
196180
196180
196180
196180
196180
196180
196180
196200
196200
196200
196200
196200
196200
196200
196200
196200
196200
196200
196200
196220
196220
196220
196220
196220
196220
196220
196220
196240
196240
196240
196240
196240
196240
196260
196260
196260
196260
196260
196260
196260
196260
196280
196280
196280
196280
196280
196280
196280
196280
196280
196300
196300
196300
196300
196300
196300
196300
196300
196300
196300
196300
196320
196320
196320
196320
196320
196320
196320
196320
196320
196320
196320
196320
196320
196340
196340
196340
196340
196340
196340
196340
196340
196340
196340
196340
196340
196360
196360
196360
196360
196360
196360
196360
196360
196360
196380
196380
196380
196380
196380
196380
196380
196380
196380
196400
196400
196400
196400
196400
196400
196400
196400
196400
196400
196400
196420
196420
196420
196420
196420
196420
196420
196420
196420
196440
196440
196440
196440
196440
196440
196440
196440
196460
196460
196460
196460
196460
196460
196460
196460
196460
196480
196480
196480
196480
196480
196480
196480
196480
196480
196480
196500
196500
196500
196500
196500
196500
196500
196500
196520
196520
196520
196520
196520
196520
196520
196540
196540
196540
196540
196540
196540
196540
196540
196540
196540
196540
196540
196560
196560
196560
196560
196560
196560
196560
196580
196580
196580
196580
196580
196580
196580
196580
196580
196580
196600
196600
196600
196600
196600
196600
196600
196600
196620
196620
196620
196620
196620
196620
196620
196640
196640
196640
196640
196640
196640
196660
196660
196660
196660
196660
196680
196680
196680
196680
196680
196700
196700
196700
196700
196700
196700
196720
196720
196720
196720
196720
196740
196740
196740
196740
196740
196740
196740
196760
196760
196760
196760
196760
196760
196780
196780
196780
196780
196780
196780
196780
196800
196800
196800
196800
196820
196820
196820
196820
196820
196820
196820
196840
196840
196840
196840
196840
196840
196840
196840
196840
196860
196860
196860
196860
196860
196860
196860
196860
196860
196860
196880
196880
196880
196880
196880
196900
196900
196900
196900
196900
196900
196900
196920
196920
196920
196920
196920
196940
196940
196940
196960
196960
196960
196960
196980
196980
197000
197000
197000
197000
197020
197020
197020
197020
197020
197040
197040
197040
197060
197060
197060
197060
197060
197080
197080
197080
197080
197080
197100
197100
197100
197100
197120
197120
197120
197120
197120
197140
197140
197140
197140
197160
197160
197160
197160
197160
197180
197180
197180
197200
197200
197200
197200
197200
197220
197220
197220
197220
197220
197240
197240
197240
197240
197240
197240
197260
197260
197260
197280
197280
197280
197280
197280
197300
197300
197300
197300
197320
197320
197320
197340
197340
197360
197360
197360
197360
197380
197380
197380
197380
197380
197380
197400
197400
197400
197400
197420
197420
197420
197440
197440
197440
197440
197440
197460
197460
197460
197460
197460
197480
197480
197480
197500
197500
197500
197500
197500
197520
197520
197520
197520
197520
197520
197540
197540
197540
197540
197540
197540
197560
197560
197560
197560
197560
197580
197580
197580
197580
197580
197580
197580
197600
197600
197600
197600
197600
197600
197600
197620
197620
197620
197620
197620
197620
197620
197620
197640
197640
197640
197640
197640
197640
197640
197640
197660
197660
197660
197660
197660
197660
197660
197680
197680
197680
197680
197680
197700
197700
197700
197700
197700
197700
197700
197720
197720
197720
197720
197720
197720
197720
197740
197740
197740
197740
197740
197760
197760
197760
197760
197760
197780
197780
197780
197780
197800
197800
197800
197800
197800
197800
197800
197820
197820
197820
197820
197820
197820
197840
197840
197840
197840
197840
197840
197840
197840
197840
197860
197860
197860
197860
197860
197860
197860
197860
197880
197880
197880
197880
197880
197900
197900
197900
197900
197900
197920
197920
197920
197920
197940
197940
197940
197940
197940
197940
197940
197940
197960
197960
197960
197960
197960
197960
197960
197980
197980
197980
197980
197980
197980
197980
198000
198000
198000
198000
198000
198000
198000
198000
198000
198020
198020
198020
198040
198040
198040
198040
198040
198040
198040
198060
198060
198060
198060
198060
198060
198060
198080
198080
198080
198080
198080
198080
198080
198080
198080
198100
198100
198100
198100
198100
198120
198120
198120
198120
198120
198140
198140
198140
198140
198140
198160
198160
198160
198160
198160
198180
198180
198180
198180
198200
198200
198200
198200
198200
198220
198220
198220
198220
198220
198220
198240
198240
198240
198240
198240
198240
198240
198260
198260
198260
198260
198260
198280
198280
198280
198300
198300
198300
198300
198300
198320
198320
198320
198320
198340
198340
198360
198360
198380
198380
198380
198400
198400
198400
198400
198420
198440
198460
198480
198480
198500
198520
198540
198560
198560
198580
198580
198600
198600
198600
198620
198620
198620
198640
198640
198640
198660
198660
198680
198680
198700
198700
198720
198720
198740
198740
198760
198760
198780
198780
198780
198800
198800
198800
198820
198820
198820
198840
198860
198860
198860
198880
198900
198900
198920
198940
198960
198980
199000
199020
199020
199100
199160
199220
199240
199240
199260
199400
199420
199440
199460
199480
199500
199520
199540
199560
199580
199600
199620
199640
199640
199660
199680
199700
199720
199720
199740
199740
199740
199740
199760
199760
199780
199780
199780
199780
199800
199800
199800
199820
199820
199820
199840
199840
199860
199860
199880
199880
199900
199900
199920
199920
199940
199940
199960
199980
199980
200000
200020
200020
200040
200040
200040
200060
200060
200080
200080
200100
200100
200100
200120
200120
200140
200160
200180
200200
200200
200220
200220
200240
200240
200240
200260
200260
200280
200280
200280
200300
200300
200320
200320
200340
200340
200340
200360
200360
200380
200380
200400
200400
200420
200440
200440
200440
200460
200460
200480
200480
200500
200500
200520
200520
200540
200560
200560
200580
200580
200600
200620
200640
200640
200660
200700
200700
200720
200720
200720
200740
200740
200760
200760
200760
200780
200780
200780
200800
200820
200840
200840
200860
200860
200860
200880
200880
200880
200900
200900
200920
200920
200940
200940
200940
200960
200960
200960
200980
200980
201000
201020
201020
201040
201040
201060
201060
201080
201080
201100
201120
201140
201160
201180
201200
201200
201220
201320
201340
201360
201380
201380
201400
201420
201420
201460
201540
201540
201560
201580
201600
201620
201640
201660
201680
201700
201720
201740
201760
201780
201800
201820
201840
201860
201880
201880
201900
201920
201940
201960
201980
201980
202000
202000
202000
202020
202020
202040
202040
202040
202040
202040
202040
202060
202060
202060
202080
202080
202100
202120
202140
202140
202180
202280
202300
202420
202440
202440
202460
202460
202460
202480
202500
202500
202520
202520
202540
202560
202580
202580
202600
202620
202680
202680
202700
202720
202800
202820
202840
202840
202860
202860
202860
202880
202880
202880
202900
202900
202920
202940
202940
202960
202960
202960
202980
202980
203000
203020
203020
203040
203060
203060
203080
203080
203080
203100
203100
203120
203140
203160
203180
203200
203220
203240
203260
203280
203280
203280
203280
203280
203300
203300
203300
203320
203320
203340
203340
203340
203340
203340
203360
203360
203360
203360
203360
203360
203360
203380
203380
203380
203400
203400
203400
203400
203420
203420
203440
203440
203460
203460
203460
203460
203460
203460
203460
203460
203460
203460
203480
203480
203480
203480
203480
203480
203480
203480
203480
203500
203500
203500
203500
203500
203500
203500
203500
203520
203520
203520
203520
203520
203520
203520
203520
203520
203520
203540
203540
203540
203540
203540
203540
203560
203560
203560
203560
203560
203580
203580
203580
203580
203580
203580
203600
203600
203600
203600
203600
203620
203620
203620
203620
203620
203620
203620
203620
203640
203640
203640
203640
203660
203660
203660
203660
203680
203680
203680
203680
203700
203700
203700
203700
203700
203720
203720
203720
203720
203720
203720
203720
203720
203720
203720
203740
203740
203740
203740
203740
203740
203740
203760
203760
203760
203760
203760
203760
203780
203780
203780
203780
203780
203800
203800
203800
203820
203820
203820
203820
203820
203820
203840
203840
203860
203860
203860
203860
203860
203880
203880
203880
203880
203900
203900
203920
203920
203920
203920
203920
203940
203940
203940
203960
203960
203960
203980
203980
203980
203980
204000
204000
204000
204000
204000
204000
204020
204020
204020
204020
204020
204020
204040
204040
204040
204040
204040
204040
204060
204060
204060
204060
204060
204080
204080
204080
204080
204080
204080
204100
204100
204100
204100
204100
204120
204120
204120
204120
204140
204140
204140
204160
204160
204160
204160
204180
204180
204180
204180
204200
204200
204200
204200
204220
204220
204220
204220
204220
204240
204240
204240
204240
204260
204260
204260
204260
204260
204280
204280
204280
204280
204300
204300
204300
204320
204320
204320
204320
204340
204340
204340
204340
204340
204340
204360
204360
204360
204360
204360
204360
204360
204380
204380
204380
204380
204380
204380
204380
204380
204380
204380
204380
204380
204400
204400
204400
204400
204400
204400
204400
204400
204400
204420
204420
204420
204420
204440
204440
204440
204440
204460
204460
204460
204480
204480
204480
204480
204500
204500
204500
204500
204500
204500
204500
204520
204520
204520
204520
204520
204520
204540
204540
204540
204540
204540
204540
204540
204560
204560
204560
204560
204560
204580
204580
204580
204580
204600
204600
204600
204600
204600
204620
204620
204620
204620
204640
204640
204640
204660
204660
204660
204660
204660
204660
204680
204680
204680
204680
204680
204680
204700
204700
204700
204700
204700
204700
204700
204720
204720
204720
204720
204740
204740
204740
204760
204780
204780
204800
204800
204800
204800
204820
204820
204820
204820
204820
204840
204840
204840
204860
204860
204860
204860
204880
204880
204880
204900
204900
204900
204920
204940
204940
204940
204940
204960
204960
204980
205000
205020
205040
205060
205080
205100
205140
205140
205140
205160
205160
205180
205240
205240
205260
205300
205320
205340
205360
205380
205400
205400
205420
205420
205440
205460
205460
205480
205500
205520
205540
205540
205560
205560
205580
205580
205600
205600
205620
205620
205640
205660
205680
205700
205720
205740
205760
205780
205800
205820
205840
205860
205880
205900
205920
205940
205960
205980
206000
206020
206040
206060
206080
206100
206120
206120
206140
206160
206180
206200
206220
206240
206260
206260
206280
206280
206300
206300
206320
206320
206340
206340
206340
206360
206360
206380
206380
206400
206400
206420
206420
206420
206440
206460
206460
206460
206480
206480
206480
206500
206520
206540
206540
206560
206560
206580
206600
206620
206620
206640
206640
206640
206660
206660
206680
206680
206700
206720
206740
206760
206760
206780
206800
206800
206820
206820
206820
206840
206840
206860
206880
206900
206900
206920
206920
206920
206940
206940
206940
206960
206960
206960
206960
206980
207000
207000
207000
207000
207020
207020
207020
207020
207040
207040
207040
207040
207060
207060
207060
207080
207080
207080
207080
207100
207100
207100
207120
207120
207120
207140
207140
207140
207160
207160
207160
207180
207180
207180
207200
207200
207220
207220
207220
207240
207240
207260
207280
207300
207320
207340
207360
207380
207400
207420
207440
207460
207480
207500
207520
207520
207540
207540
207560
207580
207600
207600
207600
207620
207620
207640
207640
207660
207660
207680
207680
207700
207700
207720
207740
207760
207760
207780
207780
207800
207820
207820
207820
207840
207840
207840
207860
207860
207880
207880
207900
207900
207900
207920
207920
207940
207940
207940
207960
207960
207960
207980
207980
208000
208000
208000
208000
208000
208020
208040
208040
208040
208040
208060
208060
208060
208080
208080
208100
208120
208140
208140
208160
208180
208180
208200
208200
208200
208240
208260
208260
208260
208280
208280
208320
208320
208340
208360
208380
208400
208400
208420
208420
208440
208440
208460
208460
208500
208500
208520
208520
208520
208520
208540
208540
208540
208560
208560
208560
208580
208580
208580
208600
208600
208600
208620
208620
208640
208660
208680
208700
208720
208740
208740
208760
208780
208780
208800
208800
208800
208820
208840
208860
208880
208900
208920
208940
208960
208960
208980
208980
209000
209080
209100
209200
209220
209260
209300
209320
209320
209320
209340
209340
209360
209360
209380
209380
209380
209380
209380
209400
209400
209400
209420
209420
209420
209440
209440
209460
209460
209460
209460
209480
209480
209480
209480
209500
209500
209520
209520
209540
209560
209560
209580
209580
209600
209600
209620
209620
209620
209640
209660
209660
209680
209680
209680
209680
209700
209700
209700
209700
209720
209720
209740
209740
209760
209780
209780
209780
209780
209800
209800
209800
209800
209820
209820
209820
209840
209840
209840
209860
209860
209860
209880
209880
209880
209880
209900
209900
209900
209900
209920
209920
209920
209920
209940
209940
209940
209940
209940
209940
209940
209940
209940
209940
209960
209960
209960
209960
209960
209960
209960
209960
209960
209960
209960
209980
209980
209980
209980
209980
209980
209980
209980
209980
209980
210000
210000
210000
210000
210000
210000
210000
210020
210020
210020
210020
210020
210020
210020
210020
210040
210040
210040
210040
210040
210040
210040
210060
210060
210060
210060
210060
210060
210060
210060
210060
210080
210080
210080
210080
210080
210100
210100
210100
210100
210100
210100
210100
210100
210100
210120
210120
210120
210120
210120
210120
210120
210120
210120
210120
210120
210120
210140
210140
210140
210140
210140
210140
210140
210140
210140
210140
210160
210160
210160
210160
210160
210180
210180
210180
210180
210180
210180
210180
210180
210180
210200
210200
210200
210200
210200
210200
210220
210220
210220
210220
210220
210220
210220
210220
210240
210240
210240
210240
210260
210260
210260
210260
210260
210280
210280
210280
210280
210300
210300
210300
210300
210320
210320
210320
210320
210320
210340
210340
210340
210340
210360
210360
210360
210360
210360
210380
210380
210380
210380
210380
210400
210400
210400
210400
210400
210400
210420
210420
210420
210420
210420
210440
210440
210440
210440
210460
210460
210460
210460
210460
210460
210460
210460
210460
210480
210480
210480
210480
210480
210480
210500
210500
210500
210500
210500
210520
210520
210520
210520
210520
210520
210540
210540
210540
210540
210540
210540
210540
210540
210540
210540
210560
210560
210560
210560
210560
210560
210560
210560
210560
210580
210580
210580
210580
210580
210580
210580
210580
210580
210580
210580
210600
210600
210600
210600
210600
210600
210620
210620
210620
210620
210620
210620
210620
210620
210620
210640
210640
210640
210640
210640
210640
210640
210640
210660
210660
210680
210680
210680
210680
210700
210700
210700
210700
210720
210720
210720
210720
210720
210720
210740
210740
210740
210740
210740
210760
210760
210760
210760
210760
210760
210780
210780
210780
210780
210800
210800
210800
210820
210820
210820
210820
210840
210840
210840
210840
210860
210860
210860
210860
210880
210880
210880
210880
210880
210900
210900
210900
210900
210900
210920
210920
210920
210940
210940
210940
210940
210960
210960
210960
210980
210980
210980
210980
211000
211000
211000
211020
211020
211020
211020
211040
211040
211040
211040
211040
211060
211060
211060
211060
211080
211080
211100
211100
211100
211120
211120
211140
211140
211140
211160
211180
211180
211180
211180
211200
211220
211220
211240
211260
211260
211280
211300
211320
211340
211340
211360
211380
211380
211380
211400
211400
211420
211440
211440
211460
211480
211480
211480
211480
211480
211480
211480
211480
211500
211500
211500
211500
211500
211500
211500
211500
211500
211500
211500
211500
211520
211520
211520
211520
211520
211520
211520
211520
211520
211520
211520
211520
211520
211520
211520
211520
211520
211540
211540
211540
211540
211540
211540
211560
211560
211560
211560
211580
211580
211580
211580
211580
211580
211580
211580
211600
211600
211600
211600
211600
211620
211620
211620
211620
211620
211620
211620
211640
211640
211640
211640
211640
211640
211640
211660
211660
211660
211660
211660
211660
211660
211660
211660
211660
211680
211680
211680
211680
211680
211680
211680
211680
211680
211680
211680
211680
211680
211680
211680
211680
211700
211700
211700
211700
211700
211700
211700
211700
211700
211700
211700
211700
211700
211700
211700
211720
211720
211720
211720
211720
211720
211720
211720
211720
211720
211740
211740
211740
211740
211740
211740
211740
211740
211740
211740
211740
211740
211740
211740
211760
211760
211760
211760
211760
211760
211760
211760
211780
211780
211780
211780
211780
211780
211780
211800
211800
211800
211800
211800
211820
211820
211820
211820
211820
211820
211820
211840
211840
211840
211840
211840
211840
211860
211860
211860
211860
211860
211880
211900
211900
211900
211900
211900
211920
211920
211920
211920
211960
211960
211960
211960
211980
211980
211980
212000
212000
212020
212040
212040
212060
212060
212060
212060
212060
212080
212080
212080
212100
212100
212100
212100
212120
212120
212140
212140
212140
212160
212160
212160
212180
212180
212200
212200
212240
212240
212240
212260
212260
212280
212320
212320
212340
212340
212360
212360
212360
